StrengthHub Online | Master Exercise Database																																			
110 exercises with screen ready copy, Min RIR floors and ID backed substitutions. The workbook is the full workout backend: read order is Screening Outcomes, Split Selector or Custom Split Rules, Schedule Rules + External Commitments, Session Templates, Exercise Database, Prescription Logic, Safety Rules, Substitutions.																																			
ID	Exercise	Muscle Group	Primary Muscles	Movement Pattern	Substitution Group	Type	Equipment Tier	Equipment	Skill Level	Unilateral	Loadable	Prescription Class	Primary Goal Fit	Why It Is In The Database	What It Does	Step 1	Step 2	Step 3	Common Mistake	Substitutions (Best First)	Substitution Count	Min RIR	Safety Note	Substitution IDs (Best First)	Failure Allowed	Spotter Recommended	Required Equipment Tags	Optional Equipment Tags	Impact Level	Supported	Active	video_url	Measurement Type	Load Unit	Stress Regions
CH01	Barbell Bench Press	Chest	Pectoralis major, anterior delt, triceps	Horizontal Push	Chest | Press	Compound	Full Gym	Barbell, bench	Intermediate	No	Yes	Load	Strength	The benchmark horizontal press. Loads heavily and progresses in small increments, so it anchors any strength block and gives a clean lift to track over a semester.	A flat barbell press that builds raw pushing strength across the chest, shoulders and triceps.	Set up with your eyes under the bar and your shoulder blades pulled down and back	Lower the bar to your mid chest with elbows around 45 degrees	Press it back up over your shoulders and keep your ribs down	Bouncing the bar off your chest and letting your shoulders roll forward.	Dumbbell Bench Press, Machine Chest Press, Incline Barbell Bench Press, Incline Dumbbell Press, Close Grip Bench Press, Decline Barbell Bench Press, Feet Elevated Push Up, Push Up, Incline Push Up, Dumbbell Chest Fly	10	1	Free weight compound. Always stop at least one rep short of failure. Swap to Dumbbell Bench Press if form breaks down.	CH02, CH05, CH09, CH03, TR01, CH10, CH12, CH04, CH11, CH07	No	Yes	barbell,bench		Low	Yes	Yes		weight_reps	kg	shoulder, elbow, wrist, chest
CH02	Dumbbell Bench Press	Chest	Pectoralis major, anterior delt, triceps	Horizontal Push	Chest | Press	Compound	Basic Gym	Dumbbells, bench	Beginner	No	Yes	Load	Hypertrophy	Safer than the barbell for a lifter training alone, allows a deeper stretch, and forces each side to work independently. Ideal default press for new users.	A flat dumbbell press that builds the chest with a deeper stretch and even effort on both sides.	Lie back holding the dumbbells at chest height, wrists stacked over elbows	Lower until your upper arms are level with your torso	Press up and slightly together without clashing the dumbbells	Dropping the elbows too low and straining the front of the shoulder.	Machine Chest Press, Barbell Bench Press, Incline Dumbbell Press, Feet Elevated Push Up, Push Up, Incline Push Up, Dumbbell Chest Fly, Cable Chest Fly	8	1	Free weight compound. Always stop at least one rep short of failure. Swap to Machine Chest Press if form breaks down.	CH05, CH01, CH03, CH12, CH04, CH11, CH07, CH06	No	No	dumbbell,bench		Low	Yes	Yes		weight_reps	kg	shoulder, elbow, wrist, chest
CH03	Incline Dumbbell Press	Chest	Upper pectoralis, anterior delt	Horizontal Push	Chest | Press	Compound	Basic Gym	Dumbbells, incline bench	Beginner	No	Yes	Load	Hypertrophy	Biases the upper chest, which is usually the lagging region in students who mostly do flat pressing. Covers a gap the flat press leaves.	An inclined dumbbell press that targets the upper chest and front shoulders.	Set the bench to about 30 degrees and hold the dumbbells at chest height	Lower slowly until you feel a stretch across the upper chest	Press up over your collarbones, not over your face	Setting the bench too steep so it turns into a shoulder press.	Incline Barbell Bench Press, Dumbbell Bench Press, Machine Chest Press, Barbell Bench Press, Feet Elevated Push Up, Push Up, Incline Push Up, Cable Chest Fly	8	1	Free weight compound. Always stop at least one rep short of failure. Swap to Incline Barbell Bench Press if form breaks down.	CH09, CH02, CH05, CH01, CH12, CH04, CH11, CH06	No	No	dumbbell,incline_bench		Low	Yes	Yes		weight_reps	kg	shoulder, elbow, wrist, chest
CH04	Push Up	Chest	Pectoralis major, triceps, anterior delt	Horizontal Push	Chest | Press	Compound	Bodyweight	None	Beginner	No	No	Rep	General Fitness	Zero equipment, infinitely regressable to knees or a bench and progressable to feet elevated. This is the fallback chest press for dorm and travel workouts.	A bodyweight press that trains the chest, triceps and core with no equipment at all.	Set hands slightly wider than your shoulders, body in one straight line	Lower your chest to just above the floor with elbows tucked to 45 degrees	Press back up and squeeze your glutes the whole time	Letting the hips sag so the lower back does the work.	Incline Push Up, Feet Elevated Push Up, Machine Chest Press, Dumbbell Bench Press, Barbell Bench Press, Diamond Push Up, Dumbbell Chest Fly	7	0	Safe to train close to failure. Stop on sharp or joint pain and swap to Incline Push Up.	CH11, CH12, CH05, CH02, CH01, TR06, CH07	Yes	No	none		Low	No	Yes		reps	bodyweight	shoulder, elbow, wrist, chest
CH05	Machine Chest Press	Chest	Pectoralis major, triceps	Horizontal Push	Chest | Press	Compound	Basic Gym	Chest press machine	Beginner	No	Yes	Load	Hypertrophy	Fixed path removes the balance requirement, so a nervous first timer can still train close to failure safely. High compliance for absolute beginners.	A guided chest press that lets you push hard with almost no balance or setup required.	Set the seat so the handles sit level with your mid chest	Press out until your arms are almost straight	Return under control until you feel a stretch, then repeat	Setting the seat too high and turning it into an awkward shoulder press.	Dumbbell Bench Press, Barbell Bench Press, Incline Dumbbell Press, Push Up, Incline Push Up, Cable Chest Fly	6	0	Safe to train close to failure. Stop on sharp or joint pain and swap to Dumbbell Bench Press.	CH02, CH01, CH03, CH04, CH11, CH06	Yes	No	machine_chest_press		Low	Yes	Yes		weight_reps	kg	shoulder, elbow, wrist, chest
CH06	Cable Chest Fly	Chest	Pectoralis major	Horizontal Push	Chest | Fly	Isolation	Full Gym	Cable machine	Beginner	No	Yes	Load	Hypertrophy	Constant tension through the full range and a resisted stretch at the bottom. Adds chest volume without further loading the triceps or shoulders.	A cable fly that keeps constant tension on the chest through the full range.	Set the pulleys around chest height and take a small split stance	Bring your hands together in front of your chest with a soft elbow bend	Open your arms slowly until you feel a stretch, then repeat	Bending and straightening the elbows so it becomes a press.	Dumbbell Chest Fly, Machine Chest Press, Dumbbell Bench Press, Push Up, Incline Push Up	5	0	Safe to train close to failure. Stop on sharp or joint pain and swap to Dumbbell Chest Fly.	CH07, CH05, CH02, CH04, CH11	Yes	No	cable_machine		Low	No	Yes		weight_reps	kg	shoulder, elbow, wrist, chest
CH07	Dumbbell Chest Fly	Chest	Pectoralis major	Horizontal Push	Chest | Fly	Isolation	Basic Gym	Dumbbells, bench	Intermediate	No	Yes	Load	Hypertrophy	The cable fly substitute when no cable stack exists. Keeps a pure adduction pattern available in home and hotel gyms.	A dumbbell fly that stretches the chest under load and adds volume without heavy pressing.	Lie back holding dumbbells above your chest with elbows slightly bent	Open your arms out wide until your chest stretches	Bring the dumbbells back together over your chest	Going too heavy and dropping the arms past a comfortable stretch.	Cable Chest Fly, Machine Chest Press, Dumbbell Bench Press, Push Up, Incline Push Up	5	0	Safe to train close to failure. Stop on sharp or joint pain and swap to Cable Chest Fly.	CH06, CH05, CH02, CH04, CH11	Yes	No	dumbbell,bench		Low	Yes	Yes		weight_reps	kg	shoulder, elbow, wrist, chest
CH08	Dip (Chest Lean)	Chest	Lower pectoralis, triceps	Vertical Push	Chest | Press	Compound	Basic Gym	Dip bars or parallel bars	Advanced	No	Yes	Load	Strength	One of the few bodyweight pressing patterns that loads the lower chest hard. Scales for years by adding a belt, which suits advanced users.	A bodyweight dip with a forward lean that hits the lower chest hard.	Support yourself on the bars with straight arms and lean your chest forward	Lower until your upper arms are roughly parallel to the floor	Press back up, keeping the forward lean the whole rep	Dropping too deep and letting the shoulders shrug up around the ears.	Feet Elevated Push Up, Dumbbell Bench Press, Machine Chest Press, Decline Barbell Bench Press, Push Up, Bench Dip, Incline Push Up	7	2	Advanced only. Never taken to failure. Beginner and intermediate users are served Feet Elevated Push Up instead.	CH12, CH02, CH05, CH10, CH04, TR05, CH11	No	No	dip_bars		Low	No	Yes		weight_reps	kg	shoulder, elbow, wrist
CH09	Incline Barbell Bench Press	Chest	Upper pectoralis, anterior delt, triceps	Horizontal Push	Chest | Press	Compound	Full Gym	Barbell, incline bench	Intermediate	No	Yes	Load	Strength	Loads the upper chest heavier than the dumbbell version and progresses in small plate increments. This is the upper chest lift that can headline a strength block rather than fill volume.	An inclined barbell press that loads the upper chest heavier than any dumbbell version.	Set the bench to about 30 degrees and grip just outside shoulder width	Lower the bar to your upper chest with the elbows tucked slightly	Press back up over your collarbones	Flaring the elbows straight out and putting the load on the shoulder joint.	Incline Dumbbell Press, Barbell Bench Press, Dumbbell Bench Press, Machine Chest Press, Push Up, Incline Push Up	6	1	Free weight compound. Always stop at least one rep short of failure. Swap to Incline Dumbbell Press if form breaks down.	CH03, CH01, CH02, CH05, CH04, CH11	No	Yes	barbell,incline_bench		Low	Yes	Yes		weight_reps	kg	shoulder, elbow, wrist, chest
CH10	Decline Barbell Bench Press	Chest	Lower pectoralis, triceps	Horizontal Push	Chest | Press	Compound	Full Gym	Barbell, decline bench	Intermediate	No	Yes	Load	Strength	Shortest range of the three bench angles, so the heaviest loads and the lowest shoulder stress. Included as a pressing variation and a shoulder friendly option, though the chest lean dip covers similar ground without a decline bench.	A declined barbell press that shortens the range and emphasises the lower chest.	Lock your legs in and unrack the bar over your chest	Lower the bar to the base of your chest	Press straight back up without letting the bar drift toward your face	Getting up too fast after the set and feeling lightheaded.	Barbell Bench Press, Dumbbell Bench Press, Dip (Chest Lean), Machine Chest Press, Feet Elevated Push Up, Push Up	6	1	Free weight compound. Always stop at least one rep short of failure. Swap to Barbell Bench Press if form breaks down.	CH01, CH02, CH08, CH05, CH12, CH04	No	Yes	barbell,decline_bench		Low	Yes	Yes		weight_reps	kg	shoulder, elbow, wrist, chest
CH11	Incline Push Up	Chest	Pectoralis major, triceps, anterior delt	Horizontal Push	Chest | Press	Compound	Bodyweight	Bench, desk or wall	Beginner	No	No	Rep	General Fitness	Gives the bodyweight tier a second horizontal press so the push up is not a single point of failure. Hand height sets the difficulty, so it regresses to a wall for a true beginner.	An easier push up angle that lets beginners build pressing strength with clean form.	Put your hands on a bench, desk or wall and step your feet back	Lower your chest to the surface with your body in one line	Press back up without letting your hips drop	Picking a surface so high that the chest barely works.	Push Up, Machine Chest Press, Dumbbell Bench Press, Feet Elevated Push Up, Dumbbell Chest Fly	5	0	Safe to train close to failure. Stop on sharp or joint pain and swap to Push Up.	CH04, CH05, CH02, CH12, CH07	Yes	No	bench/desk/wall		Low	No	Yes		reps	bodyweight	shoulder, elbow, wrist, chest
CH12	Feet Elevated Push Up	Chest	Upper pectoralis, anterior delt, triceps	Horizontal Push	Chest | Press	Compound	Bodyweight	Bench, chair or bed	Intermediate	No	No	Rep	Hypertrophy	The progression a bodyweight user hits once standard push ups get easy. Shifts load toward the upper chest and keeps the pattern challenging without any weight to add.	A harder push up that shifts more bodyweight onto the chest and shoulders.	Put your feet on a bench or chair and set your hands under your shoulders	Lower your chest toward the floor with the body in one straight line	Press back up and keep your hips from sagging	Letting the hips pike up to make the rep easier.	Push Up, Incline Push Up, Dip (Chest Lean), Dumbbell Bench Press, Machine Chest Press	5	0	Safe to train close to failure. Stop on sharp or joint pain and swap to Push Up.	CH04, CH11, CH08, CH02, CH05	Yes	No	bench/chair/bed		Low	No	Yes		reps	bodyweight	shoulder, elbow, wrist, chest
BK01	Conventional Deadlift	Back	Erectors, lats, glutes, hamstrings	Hinge	Back | Hinge	Compound	Full Gym	Barbell, plates	Advanced	No	Yes	Load	Strength	The highest absolute load a person can move, and the best single test of posterior chain strength. Gated behind a technique check because the risk is real.	The full body pull that loads the back, glutes and hamstrings heavier than anything else. Advanced users only.	Stand with the bar over your mid foot and grip just outside your shins	Set your back flat, chest up, then push the floor away	Stand tall, then lower the bar by pushing your hips back	Rounding the lower back and yanking the bar off the floor.	Trap Bar Deadlift, Rack Pull, Dumbbell Deadlift, Romanian Deadlift, Cable Pull Through, Hip Thrust, Back Extension, Single Leg Romanian Deadlift, Prone Superman	9	2	Advanced only. Never taken to failure. Beginner and intermediate users are served Trap Bar Deadlift instead.	BK12, BK10, BK13, HG01, HG08, HG02, HG09, HG07, HG12	No	No	barbell,plates		Low	No	Yes		weight_reps	kg	lower_back, hip, hamstring
BK02	Barbell Bent Over Row	Back	Lats, rhomboids, mid traps, rear delt	Horizontal Pull	Back | Horizontal Pull	Compound	Full Gym	Barbell	Intermediate	No	Yes	Load	Strength	Heavy bilateral horizontal pull that builds mid back thickness while also training the hinge isometrically. Balances the bench press in any push and pull split.	A heavy horizontal pull that builds thickness through the mid back.	Hinge forward until your torso is around 45 degrees, back flat	Pull the bar to your lower ribs and squeeze your shoulder blades	Lower under control until your arms are straight	Standing up on every rep and turning it into a shrug.	Chest Supported Dumbbell Row, Dumbbell Single Arm Row, Seated Cable Row, Inverted Row, Band Bent Over Row, Lat Pulldown	6	1	Free weight compound. Always stop at least one rep short of failure. Swap to Chest Supported Dumbbell Row if form breaks down.	BK08, BK03, BK06, BK07, BK14, BK05	No	No	barbell		Low	No	Yes		weight_reps	kg	shoulder, elbow, upper_back, lower_back
BK03	Dumbbell Single Arm Row	Back	Lats, rhomboids, mid traps	Horizontal Pull	Back | Horizontal Pull	Compound	Basic Gym	Dumbbell, bench	Beginner	Yes	Yes	Load	Hypertrophy	Chest supported by the free hand, so the lower back is spared. Unilateral loading exposes and fixes side to side imbalances early.	A one arm row that lets you pull heavy with the chest supported and no lower back strain.	Brace one hand and knee on a bench with a flat back	Pull the dumbbell to your hip, leading with the elbow	Lower it all the way down until you feel the lat stretch	Twisting the torso to heave the weight up.	Chest Supported Dumbbell Row, Seated Cable Row, Barbell Bent Over Row, Inverted Row, Band Bent Over Row	5	1	Free weight compound. Always stop at least one rep short of failure. Swap to Chest Supported Dumbbell Row if form breaks down.	BK08, BK06, BK02, BK07, BK14	No	No	dumbbell,bench		Low	Yes	Yes		weight_reps	kg	shoulder, elbow, upper_back
BK04	Chin Up	Back	Lats, biceps, teres major	Vertical Pull	Back | Vertical Pull	Compound	Bodyweight	Pull up bar	Advanced	No	Yes	Load	Strength	The clearest strength milestone most students care about. Trains lats and biceps together and needs only a bar.	The benchmark vertical pull for lat width and relative strength. Advanced users only.	Hang from the bar with palms facing you, hands shoulder width	Pull your chest toward the bar and drive your elbows down	Lower all the way to straight arms under control	Kipping with the legs instead of pulling with the back.	Lat Pulldown, Band Assisted Chin Up, Band Lat Pulldown, Inverted Row, Seated Cable Row, Chest Supported Dumbbell Row	6	2	Advanced only. Never taken to failure. Beginner and intermediate users are served Lat Pulldown instead.	BK05, BK15, BK11, BK07, BK06, BK08	No	No	pull_up_bar		Low	No	Yes		weight_reps	kg	shoulder, elbow
BK05	Lat Pulldown	Back	Lats, teres major, biceps	Vertical Pull	Back | Vertical Pull	Compound	Basic Gym	Cable pulldown machine	Beginner	No	Yes	Load	Hypertrophy	The scalable stand in for the chin up. Lets a user who cannot yet do one pull up train the identical pattern with sub bodyweight load.	A machine vertical pull that builds lat width at any strength level.	Set the thigh pad snug and grip the bar wider than your shoulders	Pull the bar to your upper chest and drive your elbows down	Let it rise slowly until your arms are straight	Leaning back hard and rowing instead of pulling down.	Chin Up, Band Assisted Chin Up, Band Lat Pulldown, Straight Arm Pulldown, Seated Cable Row, Chest Supported Dumbbell Row	6	0	Safe to train close to failure. Stop on sharp or joint pain and swap to Chin Up.	BK04, BK15, BK11, BK09, BK06, BK08	Yes	No	machine_lat_pulldown		Low	Yes	Yes		weight_reps	kg	shoulder, elbow
BK06	Seated Cable Row	Back	Lats, rhomboids, mid traps	Horizontal Pull	Back | Horizontal Pull	Compound	Basic Gym	Cable row machine	Beginner	No	Yes	Load	Hypertrophy	Constant tension horizontal pull with a supported spine. Safe to push near failure, which is where most back growth actually comes from.	A seated cable row that builds the mid back with constant tension and a safe torso position.	Sit tall with a slight knee bend and grip the handle	Pull the handle to your stomach, elbows close to your sides	Let your arms straighten fully without slumping forward	Rocking the torso back and forth to move the stack.	Chest Supported Dumbbell Row, Dumbbell Single Arm Row, Barbell Bent Over Row, Inverted Row, Band Bent Over Row	5	0	Safe to train close to failure. Stop on sharp or joint pain and swap to Chest Supported Dumbbell Row.	BK08, BK03, BK02, BK07, BK14	Yes	No	machine_cable_row		Low	Yes	Yes		weight_reps	kg	shoulder, elbow, upper_back
BK07	Inverted Row	Back	Lats, rhomboids, rear delt	Horizontal Pull	Back | Horizontal Pull	Compound	Bodyweight	Bar, rings or table edge	Beginner	No	No	Rep	General Fitness	The bodyweight horizontal pull. Difficulty is adjusted purely by foot position, which makes it the pulling counterpart to the push up.	A bodyweight row that trains the whole back with nothing but a bar or a table edge.	Lie under a bar and grip it slightly wider than your shoulders	Pull your chest to the bar with your body in one straight line	Lower until your arms are straight	Letting the hips drop so the body sags instead of staying rigid.	Band Bent Over Row, Chest Supported Dumbbell Row, Dumbbell Single Arm Row, Seated Cable Row, Supinated Inverted Row	5	0	Safe to train close to failure. Stop on sharp or joint pain and swap to Band Bent Over Row.	BK14, BK08, BK03, BK06, BI07	Yes	No	low_bar/rings/sturdy_table		Low	No	Yes		reps	bodyweight	shoulder, elbow, upper_back
BK08	Chest Supported Dumbbell Row	Back	Rhomboids, mid traps, rear delt	Horizontal Pull	Back | Horizontal Pull	Compound	Basic Gym	Dumbbells, incline bench	Beginner	No	Yes	Load	Hypertrophy	Removes all momentum and lower back involvement, so the upper back does the work. Excellent for desk bound students with poor postural endurance.	A supported dumbbell row that removes the lower back entirely and isolates the mid back.	Lie chest down on an incline bench with a dumbbell in each hand	Row both dumbbells toward your hips, squeezing the shoulder blades	Lower until the arms hang straight	Lifting the chest off the bench to help the weight up.	Dumbbell Single Arm Row, Seated Cable Row, Inverted Row, Band Bent Over Row, Barbell Bent Over Row	5	1	Free weight compound. Always stop at least one rep short of failure. Swap to Dumbbell Single Arm Row if form breaks down.	BK03, BK06, BK07, BK14, BK02	No	No	dumbbell,incline_bench		Low	Yes	Yes		weight_reps	kg	shoulder, elbow, upper_back
BK09	Straight Arm Pulldown	Back	Lats	Vertical Pull	Back | Vertical Pull	Isolation	Full Gym	Cable machine	Intermediate	No	Yes	Load	Hypertrophy	Isolates the lats without the biceps limiting the set. Useful when arm fatigue is capping back volume.	A straight arm pulldown that isolates the lats without the biceps taking over.	Stand a step back from a high pulley and hinge slightly forward	With soft elbows, sweep the bar down to your thighs	Let it rise back to head height and feel the lat stretch	Bending the elbows and turning it into a triceps pushdown.	Band Lat Pulldown, Lat Pulldown, Chest Supported Dumbbell Row, Seated Cable Row	4	0	Safe to train close to failure. Stop on sharp or joint pain and swap to Band Lat Pulldown.	BK11, BK05, BK08, BK06	Yes	No	cable_machine		Low	No	Yes		weight_reps	kg	shoulder, elbow
BK10	Rack Pull	Back	Erectors, traps, glutes	Hinge	Back | Hinge	Compound	Full Gym	Barbell, rack	Intermediate	No	Yes	Load	Strength	Shortened range deadlift for users who lack the hip mobility or confidence to pull from the floor. Keeps heavy hinge loading available.	A shortened deadlift from the rack that overloads the upper back and lockout.	Set the bar just below your knees and grip it outside your shins	Set your back flat, chest tall, then stand up by driving your hips forward	Lower the bar back to the pins under control	Hyperextending the lower back at the top of the lift.	Trap Bar Deadlift, Conventional Deadlift, Romanian Deadlift, Dumbbell Deadlift, Back Extension, Cable Pull Through	6	1	Free weight compound. Always stop at least one rep short of failure. Swap to Trap Bar Deadlift if form breaks down.	BK12, BK01, HG01, BK13, HG09, HG08	No	No	barbell,rack		Low	No	Yes		weight_reps	kg	lower_back, hip, hamstring
BK11	Band Lat Pulldown	Back	Lats, teres major, biceps	Vertical Pull	Back | Vertical Pull	Compound	Bodyweight	Resistance band, anchor	Beginner	No	Yes	Load	General Fitness	The only sub bodyweight vertical pull that needs no machine. Without it, a home user who cannot yet do a chin up has no way to train the vertical pull at all.	A banded pulldown that trains the lats when you have no bar, machine or gym.	Anchor a band overhead and kneel or stand facing it	Pull your hands down toward your chest, elbows driving to your sides	Let the band rise back up slowly	Using a band so light the back never actually works.	Lat Pulldown, Band Assisted Chin Up, Straight Arm Pulldown, Inverted Row, Band Bent Over Row	5	0	Safe to train close to failure. Stop on sharp or joint pain and swap to Lat Pulldown.	BK05, BK15, BK09, BK07, BK14	Yes	No	band,anchor_point		Low	No	Yes		weight_reps	kg	shoulder, elbow
SH01	Barbell Overhead Press	Shoulders	Anterior delt, lateral delt, triceps	Vertical Push	Shoulders | Vertical Push	Compound	Full Gym	Barbell	Intermediate	No	Yes	Load	Strength	The primary vertical press and the main progressable shoulder strength lift. Also trains bracing under load from a standing position.	A standing barbell press that builds overhead strength and a braced, stable trunk.	Take the bar at collarbone height, hands just outside your shoulders	Squeeze your glutes and press the bar overhead, moving your head back slightly	Finish with the bar over the middle of your feet, then lower to your chest	Leaning back through the lower spine instead of bracing the core.	Seated Dumbbell Shoulder Press, Arnold Press, Band Overhead Press, Pike Push Up, Dumbbell Lateral Raise	5	1	Free weight compound. Always stop at least one rep short of failure. Swap to Seated Dumbbell Shoulder Press if form breaks down.	SH02, SH07, SH11, SH08, SH03	No	No	barbell		Low	No	Yes		weight_reps	kg	shoulder, elbow, wrist, lower_back
SH02	Seated Dumbbell Shoulder Press	Shoulders	Anterior delt, lateral delt, triceps	Vertical Push	Shoulders | Vertical Push	Compound	Basic Gym	Dumbbells, bench	Beginner	No	Yes	Load	Hypertrophy	Friendlier shoulder path than a barbell and no rack needed. The default overhead press for most user profiles.	A seated overhead press that builds round, strong shoulders.	Start with the dumbbells at ear height	Press up without shrugging	Stop just short of locking out, then lower slowly	Leaning back and turning it into an incline press.	Arnold Press, Barbell Overhead Press, Band Overhead Press, Pike Push Up, Dumbbell Lateral Raise	5	1	Free weight compound. Always stop at least one rep short of failure. Swap to Arnold Press if form breaks down.	SH07, SH01, SH11, SH08, SH03	No	No	dumbbell,bench		Low	Yes	Yes		weight_reps	kg	shoulder, elbow, wrist
SH03	Dumbbell Lateral Raise	Shoulders	Lateral delt	Isolation	Shoulders | Lateral Delt	Isolation	Basic Gym	Dumbbells	Beginner	No	Yes	Load	Hypertrophy	The only exercise that truly targets the lateral delt, which no press hits well. Drives the shoulder width most aesthetic goals ask for.	A raise that isolates the side delt and builds shoulder width.	Stand with dumbbells at your sides and a soft elbow bend	Lift out to the sides until your hands reach shoulder height	Lower slowly and stop the swing before the next rep	Going too heavy and swinging the weight up with the traps.	Cable Lateral Raise, Band Lateral Raise, Seated Dumbbell Shoulder Press, Band Overhead Press	4	0	Safe to train close to failure. Stop on sharp or joint pain and swap to Cable Lateral Raise.	SH04, SH09, SH02, SH11	Yes	No	dumbbell		Low	No	Yes		weight_reps	kg	shoulder
SH04	Cable Lateral Raise	Shoulders	Lateral delt	Isolation	Shoulders | Lateral Delt	Isolation	Full Gym	Cable machine	Intermediate	Yes	Yes	Load	Hypertrophy	Loads the bottom of the range where dumbbells are nearly weightless. A better stimulus per set once a user has a base.	A cable side raise that keeps the side delt loaded even at the bottom of the rep.	Set the pulley low and grip the handle with the far hand	Raise your arm out to the side up to shoulder height	Lower slowly and fight the cable on the way down	Letting the arm drift forward so the front delt takes over.	Dumbbell Lateral Raise, Band Lateral Raise, Arnold Press, Pike Push Up	4	0	Safe to train close to failure. Stop on sharp or joint pain and swap to Dumbbell Lateral Raise.	SH03, SH09, SH07, SH08	Yes	No	cable_machine		Low	No	Yes		weight_reps	kg	shoulder
SH05	Rear Delt Fly	Shoulders	Rear delt, rhomboids	Horizontal Pull	Shoulders | Rear Delt	Isolation	Basic Gym	Dumbbells or cables	Beginner	No	Yes	Load	General Fitness	Directly opposes all the pressing volume in the program. Keeps the shoulder joint balanced and reduces impingement risk over a long block.	A rear delt fly that balances out all the pressing you do and helps your posture.	Hinge forward with a flat back, arms hanging straight down	Open your arms out wide with soft elbows	Lower slowly and stay hinged the whole set	Using heavy weight and turning the fly into a row.	Band Pull Apart, Face Pull, Prone Y-T-W Raise	3	0	Safe to train close to failure. Stop on sharp or joint pain and swap to Band Pull Apart.	SH12, SH06, SH10	Yes	No	dumbbell/cable_machine		Low	No	Yes		weight_reps	kg	shoulder, elbow, upper_back
SH06	Face Pull	Shoulders	Rear delt, external rotators, mid traps	Horizontal Pull	Shoulders | Rear Delt	Isolation	Full Gym	Cable machine, rope	Beginner	No	Yes	Load	General Fitness	Trains external rotation and scapular retraction together. The single best insurance policy against shoulder pain in a high volume push program.	A cable pull that hits the rear delts and upper back and helps undo desk posture.	Set a rope at head height and take a step back	Pull the rope to your forehead, splitting your hands apart	Let it return forward slowly	Setting the pulley too low so it turns into a face height row.	Rear Delt Fly, Band Pull Apart, Prone Y-T-W Raise	3	0	Safe to train close to failure. Stop on sharp or joint pain and swap to Rear Delt Fly.	SH05, SH12, SH10	Yes	No	cable_machine,rope_attachment		Low	No	Yes		weight_reps	kg	shoulder, elbow, upper_back
SH07	Arnold Press	Shoulders	Anterior delt, lateral delt	Vertical Push	Shoulders | Vertical Push	Compound	Basic Gym	Dumbbells	Intermediate	No	Yes	Load	Hypertrophy	Adds rotation so the anterior and lateral heads both take load through a longer range. A pressing variation for users who need novelty to stay engaged.	A rotating dumbbell press that hits the front and side delts in one movement.	Start with the dumbbells at chest height, palms facing you	Rotate your palms out as you press overhead	Reverse the rotation on the way back down	Rushing the rotation instead of turning smoothly through the press.	Seated Dumbbell Shoulder Press, Barbell Overhead Press, Band Overhead Press, Pike Push Up, Dumbbell Lateral Raise	5	1	Free weight compound. Always stop at least one rep short of failure. Swap to Seated Dumbbell Shoulder Press if form breaks down.	SH02, SH01, SH11, SH08, SH03	No	No	dumbbell		Low	No	Yes		weight_reps	kg	shoulder, elbow, wrist
SH08	Pike Push Up	Shoulders	Anterior delt, triceps	Vertical Push	Shoulders | Vertical Push	Compound	Bodyweight	None	Intermediate	No	No	Rep	General Fitness	The bodyweight vertical press. Keeps overhead pushing in the program when a user has no equipment at all.	An overhead push up that builds shoulder strength with no weights.	Start in a push up, then walk your feet in so your hips point at the ceiling	Lower the top of your head toward the floor between your hands	Press back up until your arms are straight	Letting the hips drop so it becomes a normal push up.	Band Overhead Press, Seated Dumbbell Shoulder Press, Arnold Press, Barbell Overhead Press, Band Lateral Raise	5	0	Safe to train close to failure. Stop on sharp or joint pain and swap to Band Overhead Press.	SH11, SH02, SH07, SH01, SH09	Yes	No	none		Low	No	Yes		reps	bodyweight	shoulder, elbow, wrist
SH09	Band Lateral Raise	Shoulders	Lateral delt	Isolation	Shoulders | Lateral Delt	Isolation	Bodyweight	Resistance band	Beginner	Yes	Yes	Load	General Fitness	Closes the gap where a bodyweight beginner had no shoulder option at all, since the pike push up is intermediate. Bands load the lateral delt where bodyweight cannot.	A banded side raise that trains shoulder width anywhere.	Stand on the band and hold the ends at your sides	Raise your arms out to shoulder height against the band	Lower slowly and keep tension the whole set	Shrugging the shoulders up as the band gets tight.	Dumbbell Lateral Raise, Cable Lateral Raise, Band Pull Apart, Pike Push Up	4	0	Safe to train close to failure. Stop on sharp or joint pain and swap to Dumbbell Lateral Raise.	SH03, SH04, SH12, SH08	Yes	No	band		Low	No	Yes		weight_reps	kg	shoulder
SH10	Prone Y-T-W Raise	Shoulders	Rear delt, mid traps, lower traps	Horizontal Pull	Shoulders | Rear Delt	Isolation	Bodyweight	None	Beginner	No	No	Rep	General Fitness	Floor based scapular and rear delt work with no kit at all. Directly counters the rounded shoulder posture students accumulate over a day of lectures and laptop work.	A floor drill that wakes up the rear delts and mid back before or after training.	Lie face down with your arms overhead in a Y shape	Lift your arms off the floor, then sweep them to a T, then a W	Lower slowly and keep your neck relaxed	Cranking the neck up instead of lifting from the shoulder blades.	Band Pull Apart, Rear Delt Fly, Face Pull	3	0	Safe to train close to failure. Stop on sharp or joint pain and swap to Band Pull Apart.	SH12, SH05, SH06	Yes	No	none		Low	Yes	Yes		reps	bodyweight	shoulder, elbow, upper_back
QD01	Barbell Back Squat	Quads	Quadriceps, glutes, adductors	Squat	Quads | Squat	Compound	Full Gym	Barbell, rack	Intermediate	No	Yes	Load	Strength	The reference lower body strength lift. Nothing else loads the legs this heavily while training bracing and hip and knee extension together.	The benchmark leg exercise. Loads the quads, glutes and whole body harder than anything else.	Set the bar on your upper back and step out with feet shoulder width	Sit down between your hips, knees tracking over your toes	Drive through your mid foot back to standing	Letting the chest collapse forward and the hips shoot up first.	Front Squat, Leg Press, Goblet Squat, Bulgarian Split Squat, Split Squat, Bodyweight Squat, Step Up, Wall Sit	8	1	Free weight compound. Always stop at least one rep short of failure. Swap to Front Squat if form breaks down.	QD06, QD05, QD02, QD03, QD11, QD09, QD08, QD12	No	Yes	barbell,rack		Low	No	Yes		weight_reps	kg	knee, hip, lower_back
QD02	Goblet Squat	Quads	Quadriceps, glutes	Squat	Quads | Squat	Compound	Basic Gym	Dumbbell or kettlebell	Beginner	No	Yes	Load	General Fitness	The teaching squat. The front load naturally corrects torso position, so a beginner learns depth and posture without a coach present.	A front loaded squat that teaches good depth and position almost automatically.	Hold a dumbbell against your chest with both hands	Squat down between your hips, keeping your chest tall	Stand back up and squeeze your glutes at the top	Rounding the upper back as the weight pulls you forward.	Barbell Back Squat, Leg Press, Bodyweight Squat, Split Squat, Step Up, Wall Sit	6	1	Free weight compound. Always stop at least one rep short of failure. Swap to Barbell Back Squat if form breaks down.	QD01, QD05, QD09, QD11, QD08, QD12	No	No	dumbbell/kettlebell		Low	No	Yes		weight_reps	kg	knee, hip, lower_back
QD03	Bulgarian Split Squat	Quads	Quadriceps, glutes	Lunge	Quads | Lunge	Compound	Basic Gym	Dumbbells, bench	Intermediate	Yes	Yes	Load	Hypertrophy	Brutal quad and glute stimulus from light loads, which matters when a home user only owns 12kg dumbbells. Also exposes imbalances.	A rear foot elevated split squat that hammers one leg at a time with light weight.	Put your back foot on a bench and set your front foot well forward	Lower straight down until your back knee is just off the floor	Drive through your front foot to stand back up	Standing too close to the bench so the front knee jams forward.	Split Squat, Walking Lunge, Step Up, Goblet Squat, Leg Press	5	1	Free weight compound. Always stop at least one rep short of failure. Swap to Split Squat if form breaks down.	QD11, QD04, QD08, QD02, QD05	No	No	dumbbell,bench		Low	No	Yes		weight_reps	kg	knee, hip, ankle
QD04	Walking Lunge	Quads	Quadriceps, glutes	Lunge	Quads | Lunge	Compound	Bodyweight	Optional dumbbells	Beginner	Yes	Yes	Load	Fat Loss	Trains single leg strength, balance and conditioning at once. Bodyweight version needs no equipment and raises heart rate fast.	A moving lunge that builds legs, balance and conditioning at once.	Step forward into a long stride	Lower your back knee toward the floor, torso tall	Drive through the front foot and step straight into the next rep	Taking short steps so the front knee travels far past the toes.	Split Squat, Step Up, Bulgarian Split Squat, Bodyweight Squat, Goblet Squat	5	1	Free weight compound. Always stop at least one rep short of failure. Swap to Split Squat if form breaks down.	QD11, QD08, QD03, QD09, QD02	No	No	none	dumbbell	Low	No	Yes		weight_reps	kg	knee, hip, ankle
QD05	Leg Press	Quads	Quadriceps, glutes	Squat	Quads | Squat	Compound	Full Gym	Leg press machine	Beginner	No	Yes	Load	Hypertrophy	Heavy quad loading with a supported spine. Lets a user train legs hard on days when fatigue or a back issue rules out squatting.	A machine squat pattern that lets you push heavy with zero balance demand.	Set your feet mid platform, shoulder width apart	Lower the sled until your knees reach around 90 degrees	Press back up without locking the knees out hard	Letting the lower back round off the pad at the bottom.	Barbell Back Squat, Goblet Squat, Bulgarian Split Squat, Bodyweight Squat, Wall Sit	5	0	Safe to train close to failure. Stop on sharp or joint pain and swap to Barbell Back Squat.	QD01, QD02, QD03, QD09, QD12	Yes	No	machine_leg_press		Low	Yes	Yes		weight_reps	kg	knee, hip, lower_back
QD06	Front Squat	Quads	Quadriceps, upper back	Squat	Quads | Squat	Compound	Full Gym	Barbell, rack	Advanced	No	Yes	Load	Strength	Shifts load onto the quads and forces an upright torso. A useful squat variation for users whose back squat is limited by hip mobility.	A front racked squat that keeps you upright and loads the quads hardest. Advanced users only.	Rack the bar on your front delts with your elbows high	Squat straight down, keeping your elbows up the whole way	Drive up through your mid foot	Letting the elbows drop, which dumps the bar forward.	Goblet Squat, Barbell Back Squat, Leg Press, Bulgarian Split Squat, Bodyweight Squat	5	2	Advanced only. Never taken to failure. Beginner and intermediate users are served Goblet Squat instead.	QD02, QD01, QD05, QD03, QD09	No	Yes	barbell,rack		Low	No	Yes		weight_reps	kg	knee, hip, lower_back
QD07	Leg Extension	Quads	Quadriceps, rectus femoris	Isolation	Quads | Knee Extension	Isolation	Full Gym	Leg extension machine	Beginner	No	Yes	Load	Hypertrophy	The only common movement that trains the rectus femoris with the hip extended. Adds quad volume without any systemic fatigue.	A machine isolation that targets the quads directly with no fatigue anywhere else.	Set the pad on your lower shin and sit back into the seat	Straighten your legs and pause briefly at the top	Lower under control without letting the weight slam	Swinging the weight up with momentum from the hips.	Sissy Squat, Reverse Nordic Curl, Leg Press, Bodyweight Squat, Wall Sit	5	0	Safe to train close to failure. Stop on sharp or joint pain and swap to Sissy Squat.	QD14, QD10, QD05, QD09, QD12	Yes	No	machine_leg_extension		Low	Yes	Yes		weight_reps	kg	knee
QD08	Step Up	Quads	Quadriceps, glutes	Lunge	Quads | Lunge	Compound	Bodyweight	Bench or box, optional dumbbells	Beginner	Yes	Yes	Load	General Fitness	Low skill, low impact and highly transferable to stairs and daily life. A safe entry point to single leg training for deconditioned users.	A step up that builds single leg strength and carries straight over to stairs and sport.	Place one foot fully on a box around knee height	Drive through that heel to stand up tall	Lower slowly under control with the same leg	Pushing off the back foot instead of driving with the top leg.	Split Squat, Walking Lunge, Bulgarian Split Squat, Bodyweight Squat	4	1	Free weight compound. Always stop at least one rep short of failure. Swap to Split Squat if form breaks down.	QD11, QD04, QD03, QD09	No	No	bench/box/step	dumbbell	Low	No	Yes		weight_reps	kg	knee, hip, ankle
QD09	Bodyweight Squat	Quads	Quadriceps, glutes	Squat	Quads | Squat	Compound	Bodyweight	None	Beginner	No	No	Rep	General Fitness	The squat pattern was entirely absent from the bodyweight tier. This restores it, teaches the movement before load is added, and needs nothing but floor space.	The base squat pattern. Trains the legs and grooves the movement before you add load.	Stand with feet shoulder width, toes slightly out	Sit down between your hips as far as you comfortably can	Stand back up and squeeze your glutes	Cutting the depth short and only using the top half of the range.	Goblet Squat, Split Squat, Wall Sit, Leg Press, Step Up	5	0	Safe to train close to failure. Stop on sharp or joint pain and swap to Goblet Squat.	QD02, QD11, QD12, QD05, QD08	Yes	No	none		Low	No	Yes		reps	bodyweight	knee, hip, lower_back
QD10	Reverse Nordic Curl	Quads	Quadriceps, rectus femoris	Isolation	Quads | Knee Extension	Isolation	Bodyweight	None	Intermediate	No	No	Rep	Hypertrophy	Loaded quad stretch with no equipment, and the only alternative to the leg extension machine. Removes a hard dependency on a single piece of gym kit.	A brutal bodyweight quad isolation that also protects the knees over time.	Kneel tall on a soft surface with your glutes squeezed	Lean back slowly, keeping a straight line from knees to head	Go only as far as you can control, then pull yourself back up	Breaking at the hips instead of staying in one straight line.	Sissy Squat, Leg Extension, Wall Sit, Bodyweight Squat	4	0	Safe to train close to failure. Stop on sharp or joint pain and swap to Sissy Squat.	QD14, QD07, QD12, QD09	Yes	No	none		Low	Yes	Yes		reps	bodyweight	knee
QD11	Split Squat	Quads	Quadriceps, glutes	Lunge	Quads | Lunge	Compound	Bodyweight	None	Beginner	Yes	Yes	Load	General Fitness	Stationary, so it needs no room to travel and no balance to walk. The safest single leg entry point and the regression the Bulgarian split squat was missing.	A stationary lunge. All the single leg benefit with none of the balance drama.	Take a long stride and stay in that split stance	Lower your back knee toward the floor	Push through your front foot to stand back up	Leaning the torso forward over the front knee.	Walking Lunge, Step Up, Bulgarian Split Squat, Bodyweight Squat	4	0	Safe to train close to failure. Stop on sharp or joint pain and swap to Walking Lunge.	QD04, QD08, QD03, QD09	Yes	No	none		Low	No	Yes		weight_reps	kg	knee, hip, ankle
QD12	Wall Sit	Quads	Quadriceps	Squat	Quads | Squat	Isolation	Bodyweight	Wall	Beginner	No	No	Time	General Fitness	Isometric, silent and needs a wall. Ideal for a shared house or a gap between lectures, and progressed by time rather than load.	A static hold that builds quad endurance with no equipment and no impact.	Slide down a wall until your knees are at 90 degrees	Keep your back flat against the wall and your weight in your heels	Hold for time and breathe normally	Resting the hands on the thighs to take the load off.	Bodyweight Squat, Goblet Squat, Leg Press, Split Squat	4	0	Safe to train close to failure. Stop on sharp or joint pain and swap to Bodyweight Squat.	QD09, QD02, QD05, QD11	Yes	No	wall		Low	Yes	Yes		duration	seconds	knee, hip, lower_back
QD13	Jump Squat	Quads	Quadriceps, glutes	Squat	Quads | Squat	Compound	Bodyweight	None	Intermediate	No	No	Power	Fat Loss	Adds power and a conditioning stimulus to the squat pattern. Lets a short bodyweight session drive heart rate without abandoning lower body training.	An explosive squat that trains power and burns a lot of energy fast.	Drop into a quarter squat with your arms back	Jump as high as you can, driving the arms up	Land softly, absorb it through the knees and hips, then reset	Landing stiff legged with a loud, hard thud.	Bodyweight Squat, Goblet Squat, Walking Lunge, Step Up	4	2	Never taken to failure. End the set as soon as speed or landing quality drops.	QD09, QD02, QD04, QD08	No	No	none		High	No	Yes		reps	bodyweight	knee, hip, lower_back
HG01	Romanian Deadlift	Hamstrings & Glutes	Hamstrings, glutes, erectors	Hinge	Hamstrings & Glutes | Hinge	Compound	Basic Gym	Barbell or dumbbells	Intermediate	No	Yes	Load	Hypertrophy	The main hip hinge for hamstring length and strength. Teaches the hinge pattern that protects the back in everyday lifting.	A hip hinge that stretches and strengthens the hamstrings and glutes.	Hold the bar at your hips with a soft knee bend	Push your hips back and slide the bar down your thighs	Stop when you feel a hamstring stretch, then drive your hips forward	Bending the knees and turning it into a deadlift.	Single Leg Romanian Deadlift, Cable Pull Through, Dumbbell Deadlift, Back Extension, Hip Thrust, Glute Bridge, Prone Superman	7	1	Free weight compound. Always stop at least one rep short of failure. Swap to Single Leg Romanian Deadlift if form breaks down.	HG07, HG08, BK13, HG09, HG02, HG03, HG12	No	No	barbell/dumbbell		Low	No	Yes		weight_reps	kg	lower_back, hip, hamstring
HG02	Hip Thrust	Hamstrings & Glutes	Gluteus maximus	Hinge	H&G | Glute Bridge	Compound	Basic Gym	Barbell, bench	Beginner	No	Yes	Load	Hypertrophy	Peak glute tension at full hip extension, where squats and deadlifts are easiest. Directly addresses the most requested aesthetic goal on the platform.	The best loaded glute exercise there is, with almost no strain on the lower back.	Sit with your upper back on a bench and the bar over your hips	Drive through your heels and lift your hips until your torso is level	Squeeze the glutes at the top, then lower under control	Overarching the lower back at the top instead of squeezing the glutes.	Glute Bridge, Single Leg Glute Bridge, Cable Pull Through, Romanian Deadlift, Back Extension	5	1	Free weight compound. Always stop at least one rep short of failure. Swap to Glute Bridge if form breaks down.	HG03, HG11, HG08, HG01, HG09	No	No	barbell,bench		Low	Yes	Yes		weight_reps	kg	lower_back, hip, hamstring
HG03	Glute Bridge	Hamstrings & Glutes	Gluteus maximus	Hinge	H&G | Glute Bridge	Compound	Bodyweight	None	Beginner	No	No	Rep	General Fitness	Floor based, no equipment, and the natural regression from the hip thrust. Also a reliable warm up to wake up the glutes before squatting.	A floor glute bridge. The simplest way to learn how to actually use your glutes.	Lie on your back with your knees bent and heels close to your hips	Drive through your heels and lift your hips	Squeeze at the top, then lower slowly	Pushing the hips so high that the lower back takes over.	Hip Thrust, Single Leg Glute Bridge, Cable Pull Through, Back Extension, Prone Superman	5	0	Safe to train close to failure. Stop on sharp or joint pain and swap to Hip Thrust.	HG02, HG11, HG08, HG09, HG12	Yes	No	none		Low	Yes	Yes		reps	bodyweight	lower_back, hip, hamstring
HG04	Seated Leg Curl	Hamstrings & Glutes	Hamstrings	Isolation	H&G | Knee Flexion	Isolation	Full Gym	Leg curl machine	Beginner	No	Yes	Load	Hypertrophy	Trains knee flexion, which no hinge covers. Hamstrings have two jobs and a complete program must train both.	A machine curl that trains the hamstrings in a stretched, safe position.	Set the pad above your ankles and the thigh pad snug	Curl your heels down and under the seat	Return slowly without letting the stack crash	Letting the hips lift off the seat to get more range.	Lying Leg Curl, Slider Hamstring Curl, Nordic Hamstring Curl, Romanian Deadlift, Single Leg Romanian Deadlift	5	0	Safe to train close to failure. Stop on sharp or joint pain and swap to Lying Leg Curl.	HG05, HG14, HG06, HG01, HG07	Yes	No	machine_leg_curl		Low	Yes	Yes		weight_reps	kg	knee, hip
HG05	Lying Leg Curl	Hamstrings & Glutes	Hamstrings	Isolation	H&G | Knee Flexion	Isolation	Full Gym	Leg curl machine	Beginner	No	Yes	Load	Hypertrophy	Equipment dependent alternative to the seated curl so the program never fails just because one machine is occupied or absent.	A machine curl that isolates the hamstrings lying face down.	Lie face down with the pad just above your heels	Curl your heels toward your glutes	Lower slowly until your legs are almost straight	Jerking the hips up off the bench to finish the rep.	Seated Leg Curl, Slider Hamstring Curl, Nordic Hamstring Curl, Romanian Deadlift	4	0	Safe to train close to failure. Stop on sharp or joint pain and swap to Seated Leg Curl.	HG04, HG14, HG06, HG01	Yes	No	machine_leg_curl		Low	Yes	Yes		weight_reps	kg	knee, hip
HG06	Nordic Hamstring Curl	Hamstrings & Glutes	Hamstrings	Isolation	H&G | Knee Flexion	Isolation	Bodyweight	Partner or anchor	Advanced	No	No	Rep	General Fitness	The strongest evidence base of any single exercise for reducing hamstring strain injury. Valuable for the sport playing segment of the user base.	The hardest bodyweight hamstring exercise. Builds serious resistance to hamstring strains. Advanced users only.	Kneel with your ankles anchored and squeeze your glutes	Lower your body forward as slowly as you can, staying in a straight line	Catch yourself with your hands and push back to the start	Bending at the hips instead of holding one straight line.	Slider Hamstring Curl, Lying Leg Curl, Seated Leg Curl, Single Leg Romanian Deadlift, Romanian Deadlift	5	2	Advanced only. Never taken to failure. Beginner and intermediate users are served Slider Hamstring Curl instead.	HG14, HG05, HG04, HG07, HG01	No	No	partner/anchor_point		Low	No	Yes		reps	bodyweight	knee, hip
HG07	Single Leg Romanian Deadlift	Hamstrings & Glutes	Hamstrings, glutes	Hinge	Hamstrings & Glutes | Hinge	Compound	Bodyweight	Optional dumbbell	Intermediate	Yes	Yes	Load	General Fitness	Combines hinge, balance and hip stability. Delivers a real hamstring stimulus from very light loads, which suits minimal home setups.	A single leg hinge that builds hamstrings, glutes and balance with light load.	Stand on one leg with a soft knee bend	Hinge forward, letting the back leg rise behind you	Stop when your torso is level, then return to standing	Letting the hips open out to the side instead of staying square.	Romanian Deadlift, Cable Pull Through, Back Extension, Single Leg Glute Bridge, Prone Superman	5	1	Free weight compound. Always stop at least one rep short of failure. Swap to Romanian Deadlift if form breaks down.	HG01, HG08, HG09, HG11, HG12	No	No	none	dumbbell	Low	No	Yes		weight_reps	kg	lower_back, hip, hamstring
HG08	Cable Pull Through	Hamstrings & Glutes	Glutes, hamstrings	Hinge	Hamstrings & Glutes | Hinge	Compound	Full Gym	Cable machine, rope	Beginner	No	Yes	Load	General Fitness	Teaches the hinge with the load pulling the hips backward, so the pattern clicks fast. Low spinal load makes it a good high rep finisher.	A cable hinge that teaches the hip pattern with the load pulling you backwards, not down.	Face away from a low pulley with the rope between your legs	Push your hips back until you feel a hamstring stretch	Snap your hips forward and squeeze the glutes	Pulling the rope with the arms instead of driving the hips.	Romanian Deadlift, Hip Thrust, Glute Bridge, Back Extension, Prone Superman	5	0	Safe to train close to failure. Stop on sharp or joint pain and swap to Romanian Deadlift.	HG01, HG02, HG03, HG09, HG12	Yes	No	cable_machine,rope_attachment		Low	No	Yes		weight_reps	kg	lower_back, hip, hamstring
HG09	Back Extension	Hamstrings & Glutes	Erectors, glutes, hamstrings	Hinge	Hamstrings & Glutes | Hinge	Isolation	Basic Gym	45 degree bench or GHD	Beginner	No	Yes	Load	General Fitness	Builds lower back endurance, which is the actual weak link for students who sit and study all day. Low load, high return.	A back extension that strengthens the hamstrings, glutes and spinal erectors together.	Set the pad just below your hip bones	Hinge down until you feel a hamstring stretch	Squeeze your glutes to raise your torso back to level	Cranking past level into a big lower back arch.	Prone Superman, Romanian Deadlift, Cable Pull Through, Glute Bridge	4	0	Safe to train close to failure. Stop on sharp or joint pain and swap to Prone Superman.	HG12, HG01, HG08, HG03	Yes	No	back_extension_bench		Low	Yes	Yes		weight_reps	kg	lower_back, hip, hamstring
HG10	Hip Abduction	Hamstrings & Glutes	Gluteus medius, gluteus minimus	Isolation	H&G | Abduction	Isolation	Bodyweight	Resistance band or machine	Beginner	No	Yes	Load	General Fitness	The only movement here that trains hip abduction. Squats, hinges and lunges barely touch the glute medius, which drives knee tracking and lateral hip stability. Fills the largest coverage gap in the lower body.	A hip abduction that strengthens the side glutes and helps stubborn knee and hip pain.	Sit or stand with a band or the machine pad at your knees	Push your knees apart against the resistance	Return slowly without letting the band snap back	Leaning the torso back to force the range further.	Lateral Band Walk, Single Leg Glute Bridge, Glute Bridge, Side Plank	4	0	Safe to train close to failure. Stop on sharp or joint pain and swap to Lateral Band Walk.	HG13, HG11, HG03, CO07	Yes	No	band/machine_abduction		Low	Yes	Yes		weight_reps	kg	knee, hip
HG11	Single Leg Glute Bridge	Hamstrings & Glutes	Gluteus maximus, hamstrings	Hinge	H&G | Glute Bridge	Compound	Bodyweight	None	Beginner	Yes	No	Rep	General Fitness	Doubles the load on the glute bridge using bodyweight alone. Gives the bridge a progression so a bodyweight user is not stuck once it becomes easy.	A one leg glute bridge that doubles the load on each glute with no equipment.	Lie on your back and lift one foot off the floor	Drive through the planted heel and lift your hips	Squeeze at the top and lower slowly	Letting one hip drop lower than the other.	Glute Bridge, Hip Thrust, Cable Pull Through, Back Extension	4	0	Safe to train close to failure. Stop on sharp or joint pain and swap to Glute Bridge.	HG03, HG02, HG08, HG09	Yes	No	none		Low	Yes	Yes		reps	bodyweight	lower_back, hip, hamstring
HG12	Prone Superman	Hamstrings & Glutes	Erectors, glutes	Hinge	Hamstrings & Glutes | Hinge	Isolation	Bodyweight	None	Beginner	No	No	Rep	General Fitness	Lower back endurance from the floor, with no bench required. The bodyweight stand in for the back extension and safe for users with sensitive spines.	A floor extension for the glutes and lower back. Ideal when you have nothing at all.	Lie face down with your arms out in front	Lift your chest, arms and legs off the floor at once	Hold briefly, then lower slowly	Throwing the head back and straining the neck.	Back Extension, Glute Bridge, Single Leg Glute Bridge, Romanian Deadlift	4	0	Safe to train close to failure. Stop on sharp or joint pain and swap to Back Extension.	HG09, HG03, HG11, HG01	Yes	No	none		Low	Yes	Yes		reps	bodyweight	lower_back, hip, hamstring
BI01	Barbell Curl	Biceps	Biceps brachii	Isolation	Biceps | Curl	Isolation	Basic Gym	Barbell or EZ bar	Beginner	No	Yes	Load	Hypertrophy	The heaviest loadable curl, so it progresses cleanly. Standard reference movement for direct arm work.	A loadable curl that lets you progress the biceps in small, trackable jumps.	Stand tall holding the bar with an underhand grip	Curl the bar up without swinging your elbows forward	Lower it slowly to straight arms	Rocking the body back to swing the bar up.	Cable Curl, Dumbbell Incline Curl, Hammer Curl, Band Curl, Chin Up (Close Grip), Supinated Inverted Row	6	0	Safe to train close to failure. Stop on sharp or joint pain and swap to Cable Curl.	BI04, BI02, BI03, BI06, BI05, BI07	Yes	No	barbell/ez_bar		Low	No	Yes		weight_reps	kg	elbow
BI02	Dumbbell Incline Curl	Biceps	Biceps brachii, long head	Isolation	Biceps | Curl	Isolation	Basic Gym	Dumbbells, incline bench	Intermediate	Yes	Yes	Load	Hypertrophy	The shoulder extended position stretches the long head under load, which no standing curl achieves. Different stimulus, not just a different tool.	A curl done lying back on an incline. Puts the biceps under a hard stretch.	Sit back on an incline bench and let your arms hang straight down	Curl the dumbbells up without moving your elbows forward	Lower all the way until your arms are fully straight	Cutting the bottom of the rep short and losing the stretch.	Barbell Curl, Cable Curl, Hammer Curl, Band Curl	4	0	Safe to train close to failure. Stop on sharp or joint pain and swap to Barbell Curl.	BI01, BI04, BI03, BI06	Yes	No	dumbbell,incline_bench		Low	Yes	Yes		weight_reps	kg	elbow
BI03	Hammer Curl	Biceps	Brachialis, brachioradialis	Isolation	Biceps | Curl	Isolation	Basic Gym	Dumbbells	Beginner	Yes	Yes	Load	Hypertrophy	Trains the brachialis and forearm, which add arm thickness the supinated curl misses. Also gentler on cranky elbows and wrists.	A neutral grip curl that builds the outer arm and forearm as well as the biceps.	Stand with dumbbells at your sides, palms facing in	Curl up keeping the palms facing each other	Lower slowly to straight arms	Letting the elbows drift forward at the top.	Barbell Curl, Cable Curl, Dumbbell Incline Curl, Band Curl	4	0	Safe to train close to failure. Stop on sharp or joint pain and swap to Barbell Curl.	BI01, BI04, BI02, BI06	Yes	No	dumbbell		Low	No	Yes		weight_reps	kg	elbow
BI04	Cable Curl	Biceps	Biceps brachii	Isolation	Biceps | Curl	Isolation	Full Gym	Cable machine	Beginner	No	Yes	Load	Hypertrophy	Constant tension with no dead spot at the top. Good for high rep pump work at the end of a pull day.	A cable curl that keeps tension on the biceps even at the top of the rep.	Stand a step back from a low pulley and grip the bar underhand	Curl up with your elbows pinned to your sides	Lower under control against the cable	Stepping too close so the tension disappears at the bottom.	Barbell Curl, Dumbbell Incline Curl, Hammer Curl, Band Curl	4	0	Safe to train close to failure. Stop on sharp or joint pain and swap to Barbell Curl.	BI01, BI02, BI03, BI06	Yes	No	cable_machine		Low	No	Yes		weight_reps	kg	elbow
BI05	Chin Up (Close Grip)	Biceps	Biceps brachii, lats	Vertical Pull	Biceps | Compound Pull	Compound	Bodyweight	Pull up bar	Advanced	No	Yes	Load	Strength	The only heavy compound biceps option. Lets a time poor user train back and arms in one movement.	A close grip chin up. The heaviest biceps exercise you can do. Advanced users only.	Hang from the bar with palms facing you, hands close together	Pull your chest to the bar and think about curling yourself up	Lower slowly to straight arms	Swinging the legs to generate momentum.	Supinated Inverted Row, Band Assisted Chin Up, Barbell Curl, Cable Curl, Hammer Curl	5	2	Advanced only. Never taken to failure. Beginner and intermediate users are served Supinated Inverted Row instead.	BI07, BK15, BI01, BI04, BI03	No	No	pull_up_bar		Low	No	Yes		weight_reps	kg	shoulder, elbow
BI06	Band Curl	Biceps	Biceps brachii	Isolation	Biceps | Curl	Isolation	Bodyweight	Resistance band	Beginner	Yes	Yes	Load	General Fitness	A bodyweight beginner previously had no biceps option, since the chin up is advanced. Bands give a scalable curl anywhere.	A banded curl for training the arms with no weights at all.	Stand on the band and hold the ends with palms up	Curl your hands to your shoulders	Lower slowly and fight the band on the way down	Letting the band snap the arms back down.	Hammer Curl, Barbell Curl, Cable Curl, Supinated Inverted Row	4	0	Safe to train close to failure. Stop on sharp or joint pain and swap to Hammer Curl.	BI03, BI01, BI04, BI07	Yes	No	band		Low	No	Yes		weight_reps	kg	elbow
BI07	Supinated Inverted Row	Biceps	Biceps brachii, lats	Horizontal Pull	Biceps | Compound Pull	Compound	Bodyweight	Bar, rings or table edge	Beginner	No	No	Rep	General Fitness	A beginner friendly compound biceps option, since the chin up is advanced and the band curl was the only other choice. Difficulty scales purely by foot position.	An underhand bodyweight row that loads the biceps and back at the same time.	Lie under a bar and grip it underhand, shoulder width	Pull your chest to the bar, elbows close to your body	Lower until your arms are straight	Letting the hips sag instead of holding a rigid line.	Band Assisted Chin Up, Chin Up (Close Grip), Band Curl, Hammer Curl, Barbell Curl	5	0	Safe to train close to failure. Stop on sharp or joint pain and swap to Band Assisted Chin Up.	BK15, BI05, BI06, BI03, BI01	Yes	No	low_bar/rings/sturdy_table		Low	No	Yes		reps	bodyweight	shoulder, elbow, upper_back
TR01	Close Grip Bench Press	Triceps	Triceps, pectoralis, anterior delt	Horizontal Push	Triceps | Compound Press	Compound	Full Gym	Barbell, bench	Intermediate	No	Yes	Load	Strength	Heavy compound triceps loading that carries straight over to bench press lockout. The strength focused arm option.	A narrow grip bench press. The heaviest way to load the triceps.	Grip the bar around shoulder width, not any narrower	Lower it to your lower chest with your elbows tucked in	Press straight back up	Gripping so narrow that the wrists and elbows take the strain.	Skull Crusher, Triceps Pushdown, Overhead Cable Extension, Diamond Push Up, Bench Dip, Band Triceps Pushdown	6	1	Free weight compound. Always stop at least one rep short of failure. Swap to Skull Crusher if form breaks down.	TR04, TR03, TR02, TR06, TR05, TR07	No	Yes	barbell,bench		Low	No	Yes		weight_reps	kg	shoulder, elbow, wrist, chest
TR02	Overhead Cable Extension	Triceps	Triceps, long head	Isolation	Triceps | Extension	Isolation	Full Gym	Cable machine, rope	Beginner	No	Yes	Load	Hypertrophy	The overhead position lengthens the long head, which is the largest triceps head and the one pressing neglects. Highest value triceps isolation.	An overhead extension that trains the long head of the triceps under a full stretch.	Face away from the pulley with the rope behind your head	Straighten your arms overhead, elbows pointing forward	Let your hands drop behind your head under control	Letting the elbows flare out wide as you press.	Skull Crusher, Triceps Pushdown, Band Triceps Pushdown, Close Grip Bench Press, Diamond Push Up	5	0	Safe to train close to failure. Stop on sharp or joint pain and swap to Skull Crusher.	TR04, TR03, TR07, TR01, TR06	Yes	No	cable_machine,rope_attachment		Low	No	Yes		weight_reps	kg	elbow
TR03	Triceps Pushdown	Triceps	Triceps, lateral head	Isolation	Triceps | Extension	Isolation	Basic Gym	Cable machine	Beginner	No	Yes	Load	Hypertrophy	Simple, low fatigue and easy to load. The default triceps finisher when the user is already tired from pressing.	A cable pushdown. The simplest way to add safe triceps volume.	Stand tall with your elbows pinned to your sides	Push the bar down until your arms are straight	Let it rise back to chest height slowly	Leaning over the bar and pressing with the chest.	Band Triceps Pushdown, Overhead Cable Extension, Skull Crusher, Diamond Push Up, Bench Dip	5	0	Safe to train close to failure. Stop on sharp or joint pain and swap to Band Triceps Pushdown.	TR07, TR02, TR04, TR06, TR05	Yes	No	cable_machine		Low	No	Yes		weight_reps	kg	elbow
TR04	Skull Crusher	Triceps	Triceps, long head	Isolation	Triceps | Extension	Isolation	Basic Gym	EZ bar or dumbbells	Intermediate	No	Yes	Load	Hypertrophy	Free weight overhead style extension for users with no cable stack. Preserves long head training in a home gym.	A lying extension that loads the triceps hard through a long range.	Lie back holding the bar over your chest with straight arms	Bend only at the elbows and lower the bar toward your forehead	Press back up without letting the elbows drift	Letting the elbows flare out and the shoulders take over.	Overhead Cable Extension, Triceps Pushdown, Band Triceps Pushdown, Close Grip Bench Press, Diamond Push Up	5	0	Safe to train close to failure. Stop on sharp or joint pain and swap to Overhead Cable Extension.	TR02, TR03, TR07, TR01, TR06	Yes	No	ez_bar/dumbbell		Low	Yes	Yes		weight_reps	kg	elbow
TR05	Bench Dip	Triceps	Triceps	Vertical Push	Triceps | Compound Press	Compound	Bodyweight	Bench or chair	Beginner	No	No	Rep	General Fitness	No equipment beyond a chair. Keeps direct triceps work in the program for bodyweight only users.	A bodyweight dip off a bench. Triceps work with nothing but a chair.	Sit on a bench, hands beside your hips, and slide your feet forward	Lower your body by bending your elbows straight back	Press back up until your arms are straight	Dropping too low and rolling the shoulders forward.	Diamond Push Up, Triceps Pushdown, Band Triceps Pushdown, Close Grip Bench Press	4	0	Safe to train close to failure. Stop on sharp or joint pain and swap to Diamond Push Up.	TR06, TR03, TR07, TR01	Yes	No	bench/chair		Low	No	Yes		reps	bodyweight	shoulder, elbow, wrist
TR06	Diamond Push Up	Triceps	Triceps, pectoralis	Horizontal Push	Triceps | Compound Press	Compound	Bodyweight	None	Beginner	No	No	Rep	General Fitness	Second bodyweight triceps movement, so a user who dislikes bench dips or has cranky shoulders still has direct arm work.	A narrow push up that shifts the work from the chest to the triceps.	Set your hands close together under your chest	Lower with your elbows tucked close to your ribs	Press back up in one straight line	Flaring the elbows out wide, which loads the shoulders.	Bench Dip, Band Triceps Pushdown, Triceps Pushdown, Close Grip Bench Press	4	0	Safe to train close to failure. Stop on sharp or joint pain and swap to Bench Dip.	TR05, TR07, TR03, TR01	Yes	No	none		Low	No	Yes		reps	bodyweight	shoulder, elbow, wrist, chest
TR07	Band Triceps Pushdown	Triceps	Triceps, lateral head	Isolation	Triceps | Extension	Isolation	Bodyweight	Resistance band, anchor	Beginner	No	Yes	Load	General Fitness	Replicates the cable pushdown with a band and a door anchor. Keeps a low fatigue triceps finisher available to users with no gym access.	A banded pushdown. Full triceps work with a band and a door.	Anchor the band high and grip it with both hands	Push down until your arms are straight, elbows at your sides	Let the band rise back slowly	Letting the elbows travel forward as you push.	Triceps Pushdown, Overhead Cable Extension, Diamond Push Up, Bench Dip	4	0	Safe to train close to failure. Stop on sharp or joint pain and swap to Triceps Pushdown.	TR03, TR02, TR06, TR05	Yes	No	band,anchor_point		Low	No	Yes		weight_reps	kg	elbow
CO01	Plank	Core	Rectus abdominis, transverse abdominis	Anti Extension	Core | Anti Extension	Isolation	Bodyweight	None	Beginner	No	No	Time	General Fitness	Teaches the bracing that protects the spine under every barbell lift. Universally accessible and easy to time and progress.	A hold that teaches the core to resist your spine bending under load.	Set your elbows under your shoulders and your body in one line	Squeeze your glutes and pull your belly button in	Breathe normally and hold for time	Letting the hips sag or pike up as you fatigue.	Dead Bug, Hollow Body Hold, Bird Dog, Ab Wheel Rollout, Reverse Crunch	5	0	Safe to train close to failure. Stop on sharp or joint pain and swap to Dead Bug.	CO02, CO11, CO12, CO06, CO09	Yes	No	none		Low	Yes	Yes		duration	seconds	core, lower_back
CO02	Dead Bug	Core	Transverse abdominis, obliques	Anti Extension	Core | Anti Extension	Isolation	Bodyweight	None	Beginner	No	No	Rep	General Fitness	Trains core stability while limbs move, with almost zero spinal load. Safe for users with existing lower back pain.	A slow, controlled drill that trains the deep core without straining the back.	Lie on your back with your arms and knees up over you	Lower one arm and the opposite leg toward the floor	Return and repeat on the other side, keeping your back flat	Letting the lower back arch off the floor as the leg lowers.	Plank, Bird Dog, Reverse Crunch, Hollow Body Hold	4	0	Safe to train close to failure. Stop on sharp or joint pain and swap to Plank.	CO01, CO12, CO09, CO11	Yes	No	none		Low	Yes	Yes		reps	bodyweight	core, lower_back
CO03	Hanging Leg Raise	Core	Rectus abdominis, hip flexors	Anti Extension	Core | Anti Extension	Isolation	Basic Gym	Pull up bar	Advanced	No	No	Rep	Hypertrophy	One of the few core movements that loads the abs through a long range against real resistance. The upper end of core progression.	A hanging raise that loads the lower abs hard. Advanced users only.	Hang from a bar with your shoulders pulled down	Raise your legs until your thighs pass parallel	Lower slowly without swinging	Swinging back and forth and using momentum, not the abs.	Reverse Crunch, Hollow Body Hold, Cable Crunch, Dead Bug, Plank	5	2	Advanced only. Never taken to failure. Beginner and intermediate users are served Reverse Crunch instead.	CO09, CO11, CO08, CO02, CO01	No	No	pull_up_bar		Low	No	Yes		reps	bodyweight	core, hip
CO04	Cable Woodchop	Core	Obliques, transverse abdominis	Rotation	Core | Rotation	Isolation	Full Gym	Cable machine	Intermediate	Yes	Yes	Load	General Fitness	Trains resisted rotation, which is the pattern used in almost every sport. Rotation is otherwise missing from a standard lifting program.	A cable chop that trains the core to move and brace through rotation.	Set the pulley high and stand side on with your feet planted	Pull the handle down and across your body, rotating through the ribs	Return slowly and stay braced	Rotating from the lower back rather than the ribs and hips.	Standing Band Rotation, Russian Twist, Pallof Press, Side Plank	4	0	Safe to train close to failure. Stop on sharp or joint pain and swap to Standing Band Rotation.	CO10, CO14, CO05, CO07	Yes	No	cable_machine		Low	No	Yes		weight_reps	kg	lower_back, core
CO05	Pallof Press	Core	Obliques, transverse abdominis	Anti Rotation	Core | Anti Rotation	Isolation	Bodyweight	Cable or resistance band	Beginner	Yes	Yes	Load	General Fitness	Anti rotation strength with a band substitute available. Directly improves the trunk stiffness that carries over to squat and deadlift.	An anti rotation press that builds a genuinely stable, strong midsection.	Stand side on to a cable or band at chest height	Press your hands straight out in front of your chest	Resist the pull, hold briefly, then bring your hands back in	Letting the torso twist toward the anchor as you press.	Standing Band Rotation, Bird Dog, Plank, Dead Bug, Side Plank	5	0	Safe to train close to failure. Stop on sharp or joint pain and swap to Standing Band Rotation.	CO10, CO12, CO01, CO02, CO07	Yes	No	cable_machine/band		Low	No	Yes		weight_reps	kg	core
CO06	Ab Wheel Rollout	Core	Rectus abdominis, lats	Anti Extension	Core | Anti Extension	Isolation	Basic Gym	Ab wheel	Advanced	No	No	Rep	Hypertrophy	The hardest anti extension movement most people will ever do, from a cheap piece of kit. Excellent progression target for the plank.	The hardest anti extension exercise in the gym. Advanced users only.	Kneel with the wheel under your shoulders	Roll forward as far as you can hold a flat back	Pull yourself back with your abs, not your hips	Rolling out so far the lower back sags into an arch.	Hollow Body Hold, Plank, Dead Bug, Cable Crunch, Reverse Crunch	5	2	Advanced only. Never taken to failure. Beginner and intermediate users are served Hollow Body Hold instead.	CO11, CO01, CO02, CO08, CO09	No	No	ab_wheel		Low	No	Yes		reps	bodyweight	core, lower_back
CO07	Side Plank	Core	Obliques, quadratus lumborum	Lateral Flexion	Core | Lateral Flexion	Isolation	Bodyweight	None	Beginner	Yes	No	Time	General Fitness	Covers the lateral trunk, which the front plank ignores. Rounds out the core in the frontal plane.	A side hold that trains the obliques and the muscles that stop you tipping sideways.	Lie on your side with your elbow under your shoulder	Lift your hips so your body forms one straight line	Hold for time, then swap sides	Letting the hips drift backwards out of line.	Copenhagen Plank, Suitcase Carry, Pallof Press, Plank	4	0	Safe to train close to failure. Stop on sharp or joint pain and swap to Copenhagen Plank.	CO13, FB07, CO05, CO01	Yes	No	none		Low	Yes	Yes		duration	seconds	core
CO08	Cable Crunch	Core	Rectus abdominis	Anti Extension	Core | Anti Extension	Isolation	Full Gym	Cable machine, rope	Beginner	No	Yes	Load	Hypertrophy	Progressive overload for the abs, which bodyweight crunches cannot provide once a user is conditioned. Treats abs like any other muscle.	A loadable crunch that lets you actually progress the abs over a semester.	Kneel facing a high rope and hold it beside your head	Crunch down by rounding your spine, hips staying still	Return slowly under control	Hinging at the hips instead of curling the spine.	Reverse Crunch, Hanging Leg Raise, Hollow Body Hold, Plank, Dead Bug	5	0	Safe to train close to failure. Stop on sharp or joint pain and swap to Reverse Crunch.	CO09, CO03, CO11, CO01, CO02	Yes	No	cable_machine,rope_attachment		Low	No	Yes		weight_reps	kg	core
CO09	Reverse Crunch	Core	Rectus abdominis, hip flexors	Anti Extension	Core | Anti Extension	Isolation	Bodyweight	None	Beginner	No	No	Rep	General Fitness	Bridges the gap between the dead bug and the hanging leg raise. Trains posterior pelvic tilt against gravity with no equipment, giving the generator a middle rung on the core ladder.	A crunch that curls the hips up. Hits the lower abs with zero equipment.	Lie on your back with your knees bent over your hips	Curl your hips off the floor toward your ribs	Lower slowly without letting your feet touch down	Swinging the legs up rather than curling the pelvis.	Hollow Body Hold, Dead Bug, Cable Crunch, Plank	4	0	Safe to train close to failure. Stop on sharp or joint pain and swap to Hollow Body Hold.	CO11, CO02, CO08, CO01	Yes	No	none		Low	Yes	Yes		reps	bodyweight	core
CO10	Standing Band Rotation	Core	Obliques, transverse abdominis	Rotation	Core | Rotation	Isolation	Bodyweight	Resistance band	Beginner	Yes	Yes	Load	General Fitness	Rotation was only trainable on a cable machine. This makes the pattern available to every user and gives the woodchop a true alternative.	A standing rotation that trains the core to produce twist, not just resist it.	Anchor a band at chest height and stand side on	Rotate your ribs away from the anchor with straight arms	Return slowly and keep your hips fairly quiet	Turning the arms only while the torso stays still.	Cable Woodchop, Russian Twist, Pallof Press	3	0	Safe to train close to failure. Stop on sharp or joint pain and swap to Cable Woodchop.	CO04, CO14, CO05	Yes	No	band		Low	No	Yes		weight_reps	kg	lower_back, core
CO11	Hollow Body Hold	Core	Rectus abdominis, transverse abdominis	Anti Extension	Core | Anti Extension	Isolation	Bodyweight	None	Intermediate	No	No	Time	General Fitness	The progression between the plank and the hanging leg raise, and it carries directly into gymnastic and calisthenic goals. Trains the whole anterior chain under tension.	A hold that locks the whole front of the core under tension at once.	Lie on your back and press your lower back into the floor	Lift your arms, head and legs a few inches off the ground	Hold and keep the lower back flat the whole time	Letting a gap open under the lower back.	Dead Bug, Plank, Reverse Crunch, Ab Wheel Rollout	4	0	Safe to train close to failure. Stop on sharp or joint pain and swap to Dead Bug.	CO02, CO01, CO09, CO06	Yes	No	none		Low	Yes	Yes		duration	seconds	core
CO12	Bird Dog	Core	Transverse abdominis, obliques, erectors	Anti Rotation	Core | Anti Rotation	Isolation	Bodyweight	None	Beginner	Yes	No	Time	General Fitness	Anti rotation with zero equipment, where the Pallof press previously needed a band or cable. Also the most back friendly core movement in the database.	A gentle drill that builds core control and is safe for almost any back.	Start on all fours with a flat back	Reach one arm forward and the opposite leg back	Hold briefly, return, and swap sides without rocking	Letting the hips rotate as the leg lifts.	Dead Bug, Pallof Press, Plank	3	0	Safe to train close to failure. Stop on sharp or joint pain and swap to Dead Bug.	CO02, CO05, CO01	Yes	No	none		Low	Yes	Yes		duration	seconds	core, lower_back
CO13	Copenhagen Plank	Core	Adductors, obliques	Lateral Flexion	Core | Lateral Flexion	Isolation	Bodyweight	Bench or chair	Advanced	Yes	No	Time	General Fitness	The only movement here that loads the adductors, which nothing else in the database trains directly. Strong evidence base for reducing groin injury in field sport athletes.	A side plank variation that also protects the groin. Advanced users only.	Set your top leg on a bench and your elbow under your shoulder	Lift your hips until your body is in one straight line	Hold for time, then swap sides	Starting with the full version before the knee supported one.	Side Plank, Suitcase Carry, Pallof Press, Plank	4	2	Advanced only. Never taken to failure. Beginner and intermediate users are served Side Plank instead.	CO07, FB07, CO05, CO01	No	No	bench/chair		Low	Yes	Yes		duration	seconds	core, hip
CA01	Standing Calf Raise	Calves	Gastrocnemius	Isolation	Calves | Isolation	Isolation	Basic Gym	Machine, dumbbells or step	Beginner	No	Yes	Load	Hypertrophy	Knee extended, so the gastrocnemius takes the load. The main calf builder and easy to run anywhere with a step.	A standing raise that builds the calf through a full stretch and contraction.	Stand with the balls of your feet on a step or platform	Drop your heels down until you feel a stretch	Push all the way up onto your toes and pause	Bouncing through the reps and skipping the stretch.	Seated Calf Raise, Single Leg Calf Raise, Pogo Hop	3	0	Safe to train close to failure. Stop on sharp or joint pain and swap to Seated Calf Raise.	CA02, CA03, CA04	Yes	No	machine_calf/dumbbell/step		Low	No	Yes		weight_reps	kg	ankle
CA02	Seated Calf Raise	Calves	Soleus	Isolation	Calves | Isolation	Isolation	Full Gym	Seated calf machine	Beginner	No	Yes	Load	Hypertrophy	Knee bent, which shifts work to the soleus. The two calf muscles need different knee angles, so both variants are required for full development.	A seated raise that targets the deeper calf muscle under the main one.	Sit with the pad on your thighs and the balls of your feet on the platform	Lower your heels until you feel a stretch	Press up onto your toes and squeeze	Using half the range because the weight is too heavy.	Standing Calf Raise, Single Leg Calf Raise, Pogo Hop	3	0	Safe to train close to failure. Stop on sharp or joint pain and swap to Standing Calf Raise.	CA01, CA03, CA04	Yes	No	machine_seated_calf		Low	Yes	Yes		weight_reps	kg	ankle
CA03	Single Leg Calf Raise	Calves	Gastrocnemius, soleus	Isolation	Calves | Isolation	Isolation	Bodyweight	Step	Beginner	Yes	No	Rep	General Fitness	Doubles the load using only bodyweight. Makes calf training viable with no equipment at all.	A one leg raise that doubles the load on each calf with no weights.	Stand on one foot with the ball of your foot on a step	Lower your heel until you feel a stretch	Push up onto your toes and pause at the top	Holding the rail so hard that your arm takes the load.	Standing Calf Raise, Seated Calf Raise, Pogo Hop	3	0	Safe to train close to failure. Stop on sharp or joint pain and swap to Standing Calf Raise.	CA01, CA02, CA04	Yes	No	step/stair		Low	No	Yes		reps	bodyweight	ankle
FB01	Kettlebell Swing	Full Body & Conditioning	Glutes, hamstrings, erectors	Hinge	Full Body & Conditioning | Hinge	Compound	Basic Gym	Kettlebell	Intermediate	No	Yes	Power	Fat Loss	Builds explosive hip extension and drives heart rate hard with a single tool. Bridges strength work and conditioning in one exercise.	An explosive hip hinge that builds power and conditioning at the same time.	Stand with the bell an arm's length in front of you and hinge to grip it	Hike it back between your legs, then snap your hips forward	Let it float to chest height and guide it back down	Squatting the bell up and lifting with the arms.	Dumbbell Swing, Cable Pull Through, Romanian Deadlift, Jump Squat, Burpee	5	2	Never taken to failure. End the set as soon as speed or landing quality drops.	FB11, HG08, HG01, QD13, FB03	No	No	kettlebell		Moderate	No	Yes		reps	bodyweight	lower_back, hip, hamstring
FB02	Farmer Carry	Full Body & Conditioning	Traps, forearms, core	Carry	Full Body | Carry	Compound	Basic Gym	Dumbbells or kettlebells	Beginner	No	Yes	Time	General Fitness	Grip, trunk and postural strength under a real load. Almost impossible to do with bad technique, so it is safe to prescribe to anyone.	A loaded walk that builds grip, traps and a rock solid core.	Pick up a heavy weight in each hand with a flat back	Stand tall, shoulders back, and walk with short controlled steps	Walk for the set time, then place the weights down carefully	Leaning back or letting the shoulders round forward.	Suitcase Carry, Side Plank, Plank	3	0	Safe to train close to failure. Stop on sharp or joint pain and swap to Suitcase Carry.	FB07, CO07, CO01	Yes	No	dumbbell/kettlebell		Low	No	Yes		duration	seconds	shoulder, core, grip, lower_back
FB07	Suitcase Carry	Full Body & Conditioning	Obliques, traps, forearms, core	Carry	Full Body | Carry	Compound	Basic Gym	Single dumbbell or kettlebell	Beginner	Yes	Yes	Time	General Fitness	Alternative to the farmer carry and a loaded anti lateral flexion movement, which the side plank was otherwise carrying alone.	A one sided carry that forces the obliques to stop you tipping over.	Pick up one weight and stand tall	Walk in a straight line without leaning to either side	Swap hands and repeat for the same distance	Leaning away from the weight instead of staying upright.	Farmer Carry, Side Plank, Pallof Press	3	0	Safe to train close to failure. Stop on sharp or joint pain and swap to Farmer Carry.	FB02, CO07, CO05	Yes	No	dumbbell/kettlebell		Low	No	Yes		duration	seconds	shoulder, core, grip, lower_back
CA04	Pogo Hop	Calves	Gastrocnemius, soleus	Isolation	Calves | Isolation	Isolation	Bodyweight	None	Beginner	No	No	Power	General Fitness	Trains the calves elastically rather than through slow tension, and gives the single leg calf raise its only bodyweight alternative. Doubles as a low cost warm up.	A springy hop that builds calf stiffness and elasticity for running and jumping.	Stand tall with stiff ankles and straight legs	Hop lightly off the balls of your feet	Spend as little time on the ground as possible	Bending the knees and turning it into a squat jump.	Single Leg Calf Raise, Standing Calf Raise, Seated Calf Raise	3	2	Never taken to failure. End the set as soon as speed or landing quality drops.	CA03, CA01, CA02	No	No	none		High	No	Yes		reps	bodyweight	ankle
FB03	Burpee	Full Body & Conditioning	Full body	Full Body	Full Body & Conditioning | Full Body	Compound	Bodyweight	None	Intermediate	No	No	Interval	Fat Loss	Maximum conditioning stimulus per second with zero equipment. The workhorse of any circuit or HIIT block.	A full body conditioning move that raises your heart rate faster than almost anything.	Squat down and place your hands on the floor	Jump or step your feet back and lower your chest to the ground	Push up, step your feet in, and jump up	Collapsing at the bottom and losing all core tension.	Mountain Climber, Jumping Jack, High Knees, Bear Crawl, Jump Squat	5	0	Safe to train close to failure. Stop on sharp or joint pain and swap to Mountain Climber.	FB04, FB08, FB10, FB09, QD13	Yes	No	none		High	No	Yes		interval	rounds	knee, ankle, shoulder
FB04	Mountain Climber	Full Body & Conditioning	Core, hip flexors, shoulders	Full Body	Full Body & Conditioning | Full Body	Compound	Bodyweight	None	Beginner	No	No	Interval	Fat Loss	Raises heart rate while loading the core in a plank position. Low skill, apartment friendly and quiet enough for shared housing.	A moving plank that trains the core and lungs at the same time.	Start in a push up position with your hips level	Drive one knee toward your chest, then swap	Keep the pace steady and the hips low	Letting the hips bounce up and down with every rep.	Bear Crawl, High Knees, Jumping Jack, Plank, Burpee	5	0	Safe to train close to failure. Stop on sharp or joint pain and swap to Bear Crawl.	FB09, FB10, FB08, CO01, FB03	Yes	No	none		Moderate	No	Yes		interval	rounds	shoulder, core
FB08	Jumping Jack	Full Body & Conditioning	Full body	Conditioning	Full Body & Conditioning | Conditioning	Compound	Bodyweight	None	Beginner	No	No	Interval	Fat Loss	The lowest barrier conditioning movement in the database. Gives a deconditioned user something to do in a circuit when burpees and mountain climbers are too hard.	A simple low impact way to raise your heart rate and warm the whole body.	Stand with your feet together and arms at your sides	Jump your feet out as you raise your arms overhead	Jump back in and keep a steady rhythm	Landing heavily on straight legs instead of soft knees.	High Knees, Mountain Climber, Pogo Hop, Bear Crawl	4	0	Safe to train close to failure. Stop on sharp or joint pain and swap to High Knees.	FB10, FB04, CA04, FB09	Yes	No	none		High	No	Yes		interval	rounds	knee, ankle, hip
FB09	Bear Crawl	Full Body & Conditioning	Core, shoulders, quads	Full Body	Full Body & Conditioning | Full Body	Compound	Bodyweight	None	Beginner	No	No	Interval	Fat Loss	Loads the core and shoulders while moving, which no static hold does. Quiet, joint friendly and needs only a few metres of floor.	A crawl that builds core control, shoulder stability and conditioning in one move.	Start on hands and toes with your knees just off the floor	Crawl forward moving the opposite hand and foot together	Keep your hips low and your back flat	Lifting the hips high and letting the back sway side to side.	Mountain Climber, Plank, Burpee, High Knees	4	0	Safe to train close to failure. Stop on sharp or joint pain and swap to Mountain Climber.	FB04, CO01, FB03, FB10	Yes	No	none		Low	No	Yes		interval	rounds	shoulder, core, knee
FB05	Rowing Machine Interval	Full Body & Conditioning	Legs, back, arms	Conditioning	Full Body & Conditioning | Conditioning	Compound	Basic Gym	Rowing erg	Beginner	No	Yes	Interval	Fat Loss	Low impact, full body cardio with objective output in watts. Ideal for users chasing fat loss without joint stress.	Rowing intervals. High output cardio that spares the knees and works the back.	Set the damper around 4 or 5 and sit tall	Drive with the legs, then lean back, then pull with the arms	Reverse that order on the way in and repeat for the interval	Yanking with the arms first and letting the legs do nothing.	Assault Bike or Stationary Bike Interval, High Knees, Jumping Jack, Burpee, Mountain Climber	5	0	Safe to train close to failure. Stop on sharp or joint pain and swap to Assault Bike or Stationary Bike Interval.	FB06, FB10, FB08, FB03, FB04	Yes	No	rowing_erg		Low	No	Yes		interval	rounds	knee, ankle, hip
FB06	Assault Bike or Stationary Bike Interval	Full Body & Conditioning	Legs, lungs	Conditioning	Full Body & Conditioning | Conditioning	Compound	Basic Gym	Bike	Beginner	No	Yes	Interval	Fat Loss	Self limiting and near impossible to injure yourself on, so intensity can be pushed to true maximum. The safest way to prescribe hard intervals remotely.	Bike intervals. The lowest skill and lowest impact way to push hard cardio.	Set the seat so your knee stays slightly bent at the bottom	Ride easy for the warm up, then push hard for the work interval	Recover at an easy pace, then repeat	Going too hard on the first interval and dying on the rest.	Rowing Machine Interval, High Knees, Jumping Jack, Burpee, Mountain Climber	5	0	Safe to train close to failure. Stop on sharp or joint pain and swap to Rowing Machine Interval.	FB05, FB10, FB08, FB03, FB04	Yes	No	stationary_bike		Low	No	Yes		interval	rounds	knee, ankle, hip
BK12	Trap Bar Deadlift	Back	Erector spinae, lats, glutes, quads, traps	Hinge	Back | Hinge	Compound	Full Gym	Trap bar, plates	Intermediate	No	Yes	Load	Strength	The safe entry point to heavy deadlifting. Handles at the sides keep the bar path over the mid foot and make a flat back far easier to hold, so users who are intimidated by the conventional deadlift still get the pattern.	A deadlift with the handles at your sides. Far easier to keep a flat back than the barbell version.	Stand inside the bar and grip the handles at your sides	Push the floor away, chest tall, back flat	Stand fully upright, then push the hips back to lower	Letting the hips shoot up first so the back takes the load.	Conventional Deadlift, Dumbbell Deadlift, Rack Pull, Romanian Deadlift, Cable Pull Through, Goblet Squat	6	1	Free weight compound. Always stop at least one rep short of failure. Swap to Conventional Deadlift if form breaks down.	BK01, BK13, BK10, HG01, HG08, QD02	No	No	trap_bar,plates		Low	No	Yes		weight_reps	kg	lower_back, hip, hamstring
BK13	Dumbbell Deadlift	Back	Erector spinae, glutes, hamstrings, traps	Hinge	Back | Hinge	Compound	Basic Gym	Dumbbells	Beginner	No	Yes	Load	General Fitness	A beginner friendly hinge with a short range and a light load ceiling. Exists so that no user is ever left without a deadlift option when the barbell version is gated or refused.	The friendliest way into deadlifting. Same pattern as the barbell, far less to go wrong.	Stand with a dumbbell outside each foot and hinge down to grip them	Set your back flat and chest tall, then stand up	Push your hips back to lower the dumbbells to the floor	Squatting the weight up instead of hinging at the hips.	Trap Bar Deadlift, Romanian Deadlift, Rack Pull, Cable Pull Through, Back Extension, Glute Bridge, Prone Superman	7	1	Free weight compound. Always stop at least one rep short of failure. Swap to Trap Bar Deadlift if form breaks down.	BK12, HG01, BK10, HG08, HG09, HG03, HG12	No	No	dumbbell		Low	No	Yes		weight_reps	kg	lower_back, hip, hamstring
BK14	Band Bent Over Row	Back	Lats, rhomboids, mid traps, rear delts	Horizontal Pull	Back | Horizontal Pull	Compound	Bodyweight	Resistance band	Beginner	No	Yes	Load	General Fitness	The only loadable horizontal pull available to a user with no bar and no bench. Closes the bodyweight tier row gap left by the inverted row.	A banded row that covers the horizontal pull when you train at home.	Anchor the band low or stand on it, then hinge forward with a flat back	Row your hands to your lower ribs and squeeze the shoulder blades	Straighten the arms slowly against the band	Standing upright so the band pulls forward instead of down.	Inverted Row, Chest Supported Dumbbell Row, Dumbbell Single Arm Row, Seated Cable Row	4	0	Safe to train close to failure. Stop on sharp or joint pain and swap to Inverted Row.	BK07, BK08, BK03, BK06	Yes	No	band		Low	No	Yes		weight_reps	kg	shoulder, elbow, upper_back
BK15	Band Assisted Chin Up	Back	Lats, biceps, mid traps	Vertical Pull	Back | Vertical Pull	Compound	Bodyweight	Pull up bar, resistance band	Beginner	No	No	Rep	General Fitness	The bridge between a lat pulldown and a full chin up. Gives beginners a scalable vertical pull and a clear progression to track.	A chin up with a band taking part of your weight. The bridge to a full bodyweight chin up.	Loop a band over the bar and put one foot or knee in it	Pull your chest toward the bar, driving your elbows down	Lower slowly to straight arms	Using such a thick band that the back barely works.	Lat Pulldown, Chin Up, Band Lat Pulldown, Inverted Row, Straight Arm Pulldown	5	0	Safe to train close to failure. Stop on sharp or joint pain and swap to Lat Pulldown.	BK05, BK04, BK11, BK07, BK09	Yes	No	pull_up_bar,band		Low	No	Yes		assisted	assist_kg	shoulder, elbow
SH11	Band Overhead Press	Shoulders	Anterior delt, lateral delt, triceps	Vertical Push	Shoulders | Vertical Push	Compound	Bodyweight	Resistance band	Beginner	No	Yes	Load	General Fitness	A loadable overhead press for the bodyweight tier. Replaces the pike push up for users who cannot support their weight on their hands.	A banded overhead press for training shoulders at home with real tension.	Stand on the band and hold the ends at shoulder height	Press straight overhead without letting your ribs flare	Lower slowly to shoulder height	Letting the band pull your hands forward at the bottom.	Seated Dumbbell Shoulder Press, Arnold Press, Pike Push Up, Barbell Overhead Press, Band Lateral Raise	5	0	Safe to train close to failure. Stop on sharp or joint pain and swap to Seated Dumbbell Shoulder Press.	SH02, SH07, SH08, SH01, SH09	Yes	No	band		Low	No	Yes		weight_reps	kg	shoulder, elbow, wrist
SH12	Band Pull Apart	Shoulders	Rear delt, rhomboids, mid traps	Horizontal Pull	Shoulders | Rear Delt	Isolation	Bodyweight	Resistance band	Beginner	No	Yes	Rep	General Fitness	The cheapest, fastest rear delt exercise there is. Fills the bodyweight rear delt gap and doubles as a warm up set.	A simple band drill for the rear delts and upper back. Great as a warm up or filler set.	Hold a band in front of you at shoulder height, arms straight	Pull your hands apart until the band touches your chest	Return slowly under control	Bending the elbows and rowing rather than pulling the band apart.	Rear Delt Fly, Face Pull, Prone Y-T-W Raise	3	0	Safe to train close to failure. Stop on sharp or joint pain and swap to Rear Delt Fly.	SH05, SH06, SH10	Yes	No	band		Low	No	Yes		weight_reps	kg	shoulder, elbow, upper_back
QD14	Sissy Squat	Quads	Quadriceps	Isolation	Quads | Knee Extension	Isolation	Bodyweight	Wall or rack for balance	Intermediate	No	No	Rep	Hypertrophy	A bodyweight leg extension. Ensures a quad isolation exists for users with no leg extension machine.	A bodyweight quad isolation that gives you a leg extension without a machine.	Kneel or stand on your toes with your body in a straight line	Bend the knees and lean the body back as one piece	Pull yourself back up using the quads only	Bending at the hips, which takes the load off the quads.	Reverse Nordic Curl, Leg Extension, Wall Sit, Bodyweight Squat	4	0	Safe to train close to failure. Stop on sharp or joint pain and swap to Reverse Nordic Curl.	QD10, QD07, QD12, QD09	Yes	No	wall/rack		Low	No	Yes		reps	bodyweight	knee
HG13	Lateral Band Walk	Hamstrings & Glutes	Gluteus medius, gluteus minimus	Isolation	H&G | Abduction	Isolation	Bodyweight	Resistance band	Beginner	No	Yes	Rep	General Fitness	Covers hip abduction without a machine. Directly supports knee health for runners and anyone with a desk heavy day.	A band walk that fires up the side glutes and warms the hips before leg day.	Loop a band above your knees and take a quarter squat stance	Step sideways, keeping tension on the band the whole time	Take even steps in both directions	Letting the knees cave in between steps.	Hip Abduction, Single Leg Glute Bridge, Glute Bridge, Side Plank	4	0	Safe to train close to failure. Stop on sharp or joint pain and swap to Hip Abduction.	HG10, HG11, HG03, CO07	Yes	No	band		Low	No	Yes		weight_reps	kg	knee, hip
HG14	Slider Hamstring Curl	Hamstrings & Glutes	Hamstrings, glutes	Isolation	H&G | Knee Flexion	Isolation	Bodyweight	Sliders, towel or socks	Beginner	No	No	Rep	General Fitness	A scalable knee flexion exercise for users with no leg curl machine. Sits between the glute bridge and the Nordic curl in difficulty.	A hamstring curl using sliders, towels or socks. Real hamstring work with no machine.	Lie on your back with your heels on sliders and hips lifted	Slide your heels out until your legs are almost straight	Pull them back in without letting your hips drop	Letting the hips sag as the legs extend.	Lying Leg Curl, Seated Leg Curl, Nordic Hamstring Curl, Single Leg Glute Bridge	4	0	Safe to train close to failure. Stop on sharp or joint pain and swap to Lying Leg Curl.	HG05, HG04, HG06, HG11	Yes	No	sliders/towel/smooth_floor		Low	Yes	Yes		reps	bodyweight	knee, hip
CO14	Russian Twist	Core	Obliques, rectus abdominis	Rotation	Core | Rotation	Isolation	Bodyweight	Optional dumbbell or plate	Beginner	No	Yes	Rep	General Fitness	The only equipment free rotation exercise in the database. Gives the bodyweight tier a like for like swap for the cable woodchop.	A seated twist that trains the obliques with no equipment needed.	Sit with your knees bent and lean your torso back slightly	Rotate your ribs to one side, then the other	Keep your chest tall and move slowly	Whipping side to side with the arms while the torso stays fixed.	Standing Band Rotation, Cable Woodchop, Side Plank, Pallof Press	4	0	Safe to train close to failure. Stop on sharp or joint pain and swap to Standing Band Rotation.	CO10, CO04, CO07, CO05	Yes	No	none	dumbbell/plate	Low	Yes	Yes		weight_reps	kg	lower_back, core
FB10	High Knees	Full Body & Conditioning	Hip flexors, calves, core	Conditioning	Full Body & Conditioning | Conditioning	Compound	Bodyweight	None	Beginner	No	No	Interval	Fat Loss	Conditioning that needs a square metre of floor and nothing else. Backs up the jumping jack so no conditioning slot is ever left without a swap.	A running drill on the spot. Simple conditioning that needs no space or gear.	Stand tall and run on the spot	Drive each knee up toward hip height	Stay on the balls of your feet and pump your arms	Barely lifting the knees and just jogging on the spot.	Jumping Jack, Mountain Climber, Bear Crawl, Burpee	4	0	Safe to train close to failure. Stop on sharp or joint pain and swap to Jumping Jack.	FB08, FB04, FB09, FB03	Yes	No	none		High	No	Yes		interval	rounds	knee, ankle, hip
FB11	Dumbbell Swing	Full Body & Conditioning	Glutes, hamstrings, erector spinae, delts	Hinge	Full Body & Conditioning | Hinge	Compound	Basic Gym	Single dumbbell	Beginner	No	Yes	Power	Fat Loss	A like for like swap for the kettlebell swing in gyms with no kettlebells, which is most university gyms.	A dumbbell swing. All the power and conditioning of a kettlebell swing without the kettlebell.	Hold one dumbbell by the head with both hands	Hinge and hike it back between your legs	Snap your hips forward and let it swing to chest height	Lifting with the shoulders instead of driving the hips.	Kettlebell Swing, Cable Pull Through, Romanian Deadlift, Jump Squat, Jumping Jack	5	2	Never taken to failure. End the set as soon as speed or landing quality drops.	FB01, HG08, HG01, QD13, FB08	No	No	dumbbell		Moderate	No	Yes		reps	bodyweight	lower_back, hip, hamstring
FB12	Treadmill Interval	Full Body & Conditioning	Legs, cardiovascular system	Conditioning	Full Body & Conditioning | Conditioning	Compound	Full Gym	Treadmill	Beginner	No	No	Interval	Fat Loss	The most familiar piece of cardio equipment in any gym. Low skill, low impact when walked, scalable to running for fitter users.	Walk or run intervals on a treadmill to raise your heart rate and build a base of fitness.	Warm up at an easy walk for 2 to 3 minutes	Push the pace or incline for the work interval, then ease back to recover	Repeat the work and recover pattern for the set time, then cool down	Holding the rails, which takes the work out of it and wrecks your posture.	Stationary Bike Interval, Stairmaster Interval, Rowing Machine Interval, High Knees, Jumping Jack	5	4	Low impact when walked. Progress to running only when comfortable. Stop on any chest pain, dizziness or unusual breathlessness (S06).	FB06, FB13, FB05, FB10, FB08	Yes	No	treadmill		Moderate	No	Yes		interval	rounds	knee, ankle, hip
FB13	Stairmaster Interval	Full Body & Conditioning	Legs, glutes, cardiovascular system	Conditioning	Full Body & Conditioning | Conditioning	Compound	Full Gym	Stair climber machine	Beginner	No	No	Interval	Fat Loss	Hard cardio that also loads the glutes and quads, with far less joint impact than running. A gym staple.	Climb a moving staircase at a steady or interval pace to build fitness and leg endurance.	Start at an easy pace and stand tall, weight through your whole foot	Raise the level for the work interval, then drop it back to recover	Keep an upright posture the whole time and repeat for the set duration	Leaning your bodyweight onto the handrails so your legs barely work.	Treadmill Interval, Stationary Bike Interval, Rowing Machine Interval, High Knees, Walking Lunge	5	4	Low impact but demanding. Keep an upright posture and do not hang on the rails. Stop on chest pain, dizziness or breathlessness (S06).	FB12, FB06, FB05, FB10, QD04	Yes	No	stairmaster		Low	No	Yes		interval	rounds	knee, hip, ankle
FB14	Stationary Bike Steady	Full Body & Conditioning	Legs, cardiovascular system	Conditioning	Full Body & Conditioning | Conditioning	Compound	Full Gym	Stationary bike	Beginner	No	No	Interval	Fat Loss	The lowest impact and lowest skill cardio there is. Ideal for recovery days, deloads, exam-period minimal movement, and anyone with knee or ankle limits.	A steady, low impact ride to build aerobic fitness or keep moving on an easy day.	Set the seat so your knee stays slightly bent at the bottom of the pedal stroke	Ride at a conversational pace you could hold for the whole session	Keep a smooth, even cadence and relax your upper body	Setting the seat too low, which cramps the knees over a long ride.	Stationary Bike Interval, Treadmill Interval, Rowing Machine Interval, Stairmaster Interval	4	4	The gentlest cardio option, safe for most limitations. Still stop on chest pain, dizziness or breathlessness (S06).	FB06, FB12, FB05, FB13	Yes	No	stationary_bike		Low	No	Yes		interval	rounds	knee